customer_id,customer_name,region,city,registration_date,customer_type
CUST0001,Kiran Reddy,Northeast,Dimapur,2024-09-17,Wholesale
CUST0002,Vikas Agarwal,South,Bangalore,2025-02-14,Retail
CUST0003,Priya Mishra,East,Guwahati,2025-03-14,Retail
CUST0004,Amit Yadav,South,Hyderabad,2023-02-17,Retail
CUST0005,Neha Verma,Northeast,Shillong,2023-01-11,Wholesale
CUST0006,Neha Thakur,Central,Jabalpur,2023-02-28,Retail
CUST0007,Asha Menon,West,Pune,2023-12-23,Wholesale
CUST0008,Shreya Naidu,North,Lucknow,2024-08-10,Wholesale
CUST0009,Shreya Verma,East,Siliguri,2024-06-20,Retail
CUST0010,Meena Joshi,East,Siliguri,2023-09-05,Retail
CUST0011,Neha Naidu,North,Lucknow,2023-12-18,Distributor
CUST0012,Asha Mishra,South,Hyderabad,2023-06-11,Retail
CUST0013,Anita Das,Northeast,Aizawl,2023-04-29,Distributor
CUST0014,Shreya Bose,West,Pune,2024-04-23,Retail
CUST0015,Meena Singh,Central,Raipur,2023-02-17,Retail
CUST0016,Sanjay Deshmukh,East,Ranchi,2024-03-18,Wholesale
CUST0017,Sneha Thakur,North,Chandigarh,2024-11-19,Retail
CUST0018,Rahul Saxena,North,Gurgaon,2023-06-07,Wholesale
CUST0019,Lata Singh,East,Ranchi,2023-01-18,Retail
CUST0020,Amit Saxena,East,Cuttack,2023-10-18,Retail
CUST0021,Vikas Das,Northeast,Gangtok,2023-09-21,Retail
CUST0022,Asha Mishra,Central,Bhopal,2024-09-29,Retail
CUST0023,Sneha Kapoor,South,Bangalore,2025-01-06,Retail
CUST0024,Neha Yadav,Northeast,Kohima,2024-09-27,Wholesale
CUST0025,Priya Chauhan,South,Cochin,2023-01-10,Wholesale
CUST0026,Rekha Iyer,East,Bhubaneswar,2024-02-19,Retail
CUST0027,Lata Reddy,South,Vijayawada,2024-02-14,Retail
CUST0028,Rajesh Bhattacharya,Central,Nagpur,2023-10-03,Retail
CUST0029,Ravi Verma,Central,Bilaspur,2025-03-28,Retail
CUST0030,Lata Iyer,Central,Raipur,2024-10-24,Retail
CUST0031,Ravi Khatri,North,Jaipur,2024-11-16,Wholesale
CUST0032,Shreya Yadav,South,Chennai,2025-02-18,Retail
CUST0033,Deepak Deshmukh,East,Bhubaneswar,2025-02-01,Retail
CUST0034,Divya Bansal,Northeast,Agartala,2023-09-03,Distributor
CUST0035,Sunita Naidu,North,Gurgaon,2024-11-17,Retail
CUST0036,Pooja Chatterjee,South,Cochin,2023-04-29,Wholesale
CUST0037,Rohit Chatterjee,East,Patna,2024-03-14,Retail
CUST0038,Asha Mishra,South,Vijayawada,2023-07-23,Wholesale
CUST0039,Amit Das,Central,Jabalpur,2024-10-02,Distributor
CUST0040,Ramesh Tiwari,North,Delhi,2023-10-09,Wholesale
CUST0041,Kavita Nair,North,Amritsar,2025-02-08,Retail
CUST0042,Sanjay Iyer,Central,Jabalpur,2025-02-15,Wholesale
CUST0043,Neha Sharma,South,Madurai,2024-08-09,Retail
CUST0044,Manoj Kapoor,North,Delhi,2023-12-10,Retail
CUST0045,Suresh Joshi,West,Nashik,2024-12-31,Retail
CUST0046,Sneha Agarwal,East,Patna,2024-10-03,Retail
CUST0047,Rekha Das,South,Chennai,2024-10-31,Retail
CUST0048,Anita Menon,Central,Bilaspur,2025-04-20,Retail
CUST0049,Kiran Yadav,West,Surat,2025-04-15,Wholesale
CUST0050,Priya Tiwari,Northeast,Agartala,2024-06-29,Wholesale
CUST0051,Amit Pandey,Central,Bhopal,2023-11-06,Retail
CUST0052,Lata Agarwal,Northeast,Agartala,2023-04-04,Retail
CUST0053,Asha Deshmukh,Central,Indore,2024-07-26,Retail
CUST0054,Jyoti Nair,Central,Jabalpur,2023-09-09,Retail
CUST0055,Rahul Reddy,South,Chennai,2024-11-30,Retail
CUST0056,Pooja Nair,South,Chennai,2025-05-21,Wholesale
CUST0057,Sanjay Ghosh,South,Bangalore,2023-07-07,Retail
CUST0058,Nisha Singh,East,Cuttack,2024-04-11,Wholesale
CUST0059,Anita Nair,Central,Gwalior,2023-11-10,Retail
CUST0060,Jyoti Deshmukh,Northeast,Gangtok,2025-05-30,Retail
CUST0061,Neha Tiwari,South,Cochin,2024-11-07,Retail
CUST0062,Sanjay Rao,West,Pune,2024-10-02,Retail
CUST0063,Manoj Khatri,East,Ranchi,2023-02-09,Wholesale
CUST0064,Rahul Singh,East,Bhubaneswar,2023-07-28,Wholesale
CUST0065,Priya Bose,East,Cuttack,2025-02-18,Retail
CUST0066,Rahul Pandey,Central,Ujjain,2023-09-08,Distributor
CUST0067,Asha Yadav,West,Ahmedabad,2025-05-26,Wholesale
CUST0068,Sunita Chatterjee,North,Lucknow,2024-04-14,Retail
CUST0069,Vikas Iyer,East,Ranchi,2023-01-23,Distributor
CUST0070,Rajesh Reddy,South,Mysore,2023-11-25,Retail
CUST0071,Suresh Yadav,East,Guwahati,2025-04-22,Wholesale
CUST0072,Sanjay Tiwari,Northeast,Aizawl,2024-12-12,Retail
CUST0073,Pooja Thakur,Northeast,Kohima,2023-10-06,Retail
CUST0074,Arun Bose,East,Patna,2023-03-23,Wholesale
CUST0075,Amit Iyer,West,Mumbai,2023-11-29,Distributor
CUST0076,Manoj Gupta,North,Noida,2023-06-03,Retail
CUST0077,Shreya Bose,Northeast,Itanagar,2024-11-23,Retail
CUST0078,Vikas Bhattacharya,Central,Gwalior,2023-05-31,Retail
CUST0079,Meena Mishra,West,Pune,2023-10-07,Wholesale
CUST0080,Rajesh Pandey,West,Ahmedabad,2025-05-22,Retail
CUST0081,Nisha Verma,North,Gurgaon,2024-10-02,Retail
CUST0082,Pooja Bhattacharya,West,Surat,2023-11-15,Retail
CUST0083,Rajesh Tiwari,North,Amritsar,2023-08-21,Retail
CUST0084,Rekha Kapoor,North,Dehradun,2023-02-04,Retail
CUST0085,Rekha Bose,West,Ahmedabad,2024-04-27,Wholesale
CUST0086,Rahul Bose,West,Pune,2025-03-11,Retail
CUST0087,Amit Reddy,Northeast,Kohima,2024-11-23,Retail
CUST0088,Ramesh Patel,Central,Ujjain,2025-01-22,Wholesale
CUST0089,Anita Chauhan,West,Vadodara,2024-10-26,Wholesale
CUST0090,Ramesh Sharma,North,Chandigarh,2023-06-19,Distributor
CUST0091,Arun Deshmukh,South,Bangalore,2023-05-17,Distributor
CUST0092,Sanjay Menon,South,Cochin,2024-08-21,Retail
CUST0093,Divya Menon,South,Chennai,2024-01-17,Retail
CUST0094,Sanjay Reddy,North,Dehradun,2024-03-15,Retail
CUST0095,Priya Deshmukh,Northeast,Kohima,2024-09-06,Wholesale
CUST0096,Neha Patel,South,Mysore,2023-11-22,Wholesale
CUST0097,Shreya Rao,East,Ranchi,2023-06-11,Retail
CUST0098,Anil Deshmukh,North,Noida,2025-02-24,Wholesale
CUST0099,Neha Joshi,Northeast,Itanagar,2025-05-17,Retail
CUST0100,Sanjay Verma,Northeast,Imphal,2023-01-11,Wholesale
CUST0101,Deepak Menon,South,Cochin,2023-12-03,Retail
CUST0102,Suresh Das,North,Gurgaon,2024-07-18,Wholesale
CUST0103,Kavita Agarwal,North,Delhi,2024-04-05,Wholesale
CUST0104,Rahul Bhattacharya,Northeast,Agartala,2025-03-14,Retail
CUST0105,Amit Iyer,West,Goa,2023-04-18,Wholesale
CUST0106,Rajesh Sharma,South,Mysore,2025-05-15,Retail
CUST0107,Deepak Yadav,Central,Indore,2023-11-18,Wholesale
CUST0108,Priya Yadav,North,Jaipur,2023-01-04,Retail
CUST0109,Sunita Bose,Central,Ujjain,2024-03-11,Wholesale
CUST0110,Vikas Naidu,Central,Indore,2025-02-20,Retail
CUST0111,Arun Joshi,West,Goa,2024-10-31,Retail
CUST0112,Amit Bansal,Northeast,Shillong,2024-09-07,Retail
CUST0113,Rajesh Ghosh,East,Kolkata,2025-01-12,Retail
CUST0114,Anita Khatri,East,Siliguri,2024-10-03,Retail
CUST0115,Lata Chatterjee,South,Bangalore,2024-01-30,Retail
CUST0116,Suresh Nair,East,Cuttack,2024-09-25,Distributor
CUST0117,Lata Naidu,South,Vijayawada,2025-05-26,Retail
CUST0118,Asha Patel,North,Dehradun,2025-04-17,Retail
CUST0119,Asha Joshi,Central,Bilaspur,2023-03-05,Retail
CUST0120,Vijay Deshmukh,North,Gurgaon,2023-03-13,Retail
CUST0121,Ravi Verma,West,Goa,2024-10-11,Retail
CUST0122,Deepak Khatri,Northeast,Itanagar,2023-06-02,Wholesale
CUST0123,Anita Kumar,East,Kolkata,2023-01-10,Retail
CUST0124,Asha Saxena,South,Cochin,2024-02-16,Distributor
CUST0125,Arun Das,South,Mysore,2023-12-20,Retail
CUST0126,Neha Menon,Central,Raipur,2024-09-24,Retail
CUST0127,Kavita Singh,North,Delhi,2023-08-07,Retail
CUST0128,Anil Sharma,South,Madurai,2024-05-18,Wholesale
CUST0129,Kiran Chatterjee,East,Cuttack,2023-11-19,Retail
CUST0130,Sunita Saxena,Central,Ujjain,2025-03-22,Retail
CUST0131,Jyoti Joshi,East,Cuttack,2024-06-05,Wholesale
CUST0132,Priya Chatterjee,South,Coimbatore,2023-02-14,Retail
CUST0133,Arun Sharma,South,Mysore,2024-01-06,Wholesale
CUST0134,Vikas Bhattacharya,West,Vadodara,2023-11-12,Distributor
CUST0135,Ramesh Thakur,Northeast,Dimapur,2023-09-24,Retail
CUST0136,Deepak Iyer,South,Cochin,2025-01-23,Retail
CUST0137,Lata Pandey,Central,Jabalpur,2024-07-02,Retail
CUST0138,Asha Bansal,West,Nashik,2024-02-03,Wholesale
CUST0139,Anita Pandey,Central,Bhopal,2024-04-24,Retail
CUST0140,Asha Verma,Central,Nagpur,2024-03-19,Wholesale
CUST0141,Vijay Yadav,North,Delhi,2024-10-20,Retail
CUST0142,Amit Joshi,North,Dehradun,2024-09-28,Distributor
CUST0143,Deepak Gupta,East,Cuttack,2023-12-29,Retail
CUST0144,Rekha Kumar,Northeast,Agartala,2023-02-06,Retail
CUST0145,Deepak Deshmukh,West,Pune,2023-03-10,Retail
CUST0146,Neha Thakur,Central,Bilaspur,2023-11-06,Wholesale
CUST0147,Shreya Sharma,Northeast,Shillong,2023-04-27,Retail
CUST0148,Sneha Bose,North,Amritsar,2024-07-11,Retail
CUST0149,Lata Chauhan,North,Lucknow,2025-03-02,Distributor
CUST0150,Deepak Saxena,Central,Ujjain,2023-07-19,Retail
CUST0151,Vikas Yadav,Northeast,Kohima,2024-05-13,Wholesale
CUST0152,Asha Nair,West,Vadodara,2025-04-23,Retail
CUST0153,Meena Bhattacharya,North,Dehradun,2023-03-12,Wholesale
CUST0154,Neha Naidu,South,Hyderabad,2024-07-15,Wholesale
CUST0155,Neha Sharma,South,Mysore,2024-04-27,Retail
CUST0156,Ravi Rao,West,Pune,2024-12-14,Retail
CUST0157,Shreya Naidu,East,Siliguri,2023-06-04,Wholesale
CUST0158,Vikas Gupta,South,Cochin,2023-07-09,Retail
CUST0159,Nisha Naidu,North,Lucknow,2024-11-11,Retail
CUST0160,Anil Rao,Northeast,Imphal,2023-11-30,Distributor
CUST0161,Asha Ghosh,North,Gurgaon,2023-10-14,Retail
CUST0162,Sanjay Agarwal,West,Vadodara,2023-03-01,Retail
CUST0163,Anil Das,East,Ranchi,2024-05-22,Wholesale
CUST0164,Sunita Saxena,Central,Bilaspur,2024-04-30,Retail
CUST0165,Asha Bhattacharya,East,Bhubaneswar,2024-12-12,Wholesale
CUST0166,Sanjay Patel,Central,Indore,2025-05-22,Wholesale
CUST0167,Vikas Kumar,West,Goa,2025-04-26,Wholesale
CUST0168,Meena Kumar,South,Vijayawada,2025-03-10,Retail
CUST0169,Suresh Joshi,Central,Bilaspur,2024-11-04,Retail
CUST0170,Divya Deshmukh,North,Dehradun,2025-02-09,Retail
CUST0171,Ramesh Singh,East,Cuttack,2024-08-21,Retail
CUST0172,Vikas Thakur,Northeast,Agartala,2024-05-17,Wholesale
CUST0173,Shreya Agarwal,West,Mumbai,2023-08-03,Wholesale
CUST0174,Shreya Bhattacharya,North,Amritsar,2025-04-04,Retail
CUST0175,Kiran Sharma,Central,Indore,2024-03-12,Retail
CUST0176,Nisha Verma,North,Chandigarh,2024-04-28,Distributor
CUST0177,Jyoti Das,Central,Indore,2024-12-04,Retail
CUST0178,Ravi Verma,North,Dehradun,2023-05-13,Retail
CUST0179,Pooja Nair,East,Guwahati,2023-06-25,Distributor
CUST0180,Shreya Kumar,South,Cochin,2023-02-16,Wholesale
CUST0181,Anita Gupta,Central,Raipur,2025-02-26,Wholesale
CUST0182,Anita Rao,West,Nashik,2023-05-12,Wholesale
CUST0183,Sanjay Chauhan,North,Jaipur,2023-04-29,Wholesale
CUST0184,Anita Agarwal,East,Bhubaneswar,2023-06-08,Retail
CUST0185,Sunita Singh,Central,Ujjain,2024-03-28,Retail
CUST0186,Pooja Agarwal,West,Pune,2023-09-14,Wholesale
CUST0187,Vikas Joshi,East,Bhubaneswar,2024-01-27,Retail
CUST0188,Jyoti Chatterjee,Central,Bhopal,2024-10-18,Wholesale
CUST0189,Ramesh Menon,East,Guwahati,2024-05-10,Retail
CUST0190,Asha Pandey,Northeast,Kohima,2024-11-23,Retail
CUST0191,Vikas Tiwari,Central,Indore,2023-09-24,Retail
CUST0192,Nisha Bansal,West,Goa,2024-09-07,Wholesale
CUST0193,Neha Mishra,Central,Indore,2023-02-19,Retail
CUST0194,Anil Pandey,Northeast,Shillong,2024-02-01,Retail
CUST0195,Divya Reddy,South,Mysore,2023-02-21,Retail
CUST0196,Shreya Ghosh,East,Siliguri,2025-03-07,Retail
CUST0197,Manoj Tiwari,East,Siliguri,2023-01-15,Wholesale
CUST0198,Rohit Khatri,North,Lucknow,2023-06-20,Retail
CUST0199,Ravi Iyer,East,Ranchi,2024-12-08,Wholesale
CUST0200,Rekha Ghosh,West,Pune,2024-07-08,Retail
CUST0201,Ravi Bansal,North,Noida,2024-04-24,Retail
CUST0202,Manoj Thakur,South,Mysore,2024-01-02,Retail
CUST0203,Rohit Thakur,Central,Raipur,2025-05-11,Retail
CUST0204,Nisha Sharma,North,Gurgaon,2023-09-30,Distributor
CUST0205,Meena Ghosh,North,Chandigarh,2023-05-06,Retail
CUST0206,Sunita Patel,North,Amritsar,2024-09-14,Wholesale
CUST0207,Ravi Bose,East,Guwahati,2024-05-08,Retail
CUST0208,Sunita Tiwari,Central,Bilaspur,2024-05-29,Retail
CUST0209,Deepak Saxena,Northeast,Shillong,2023-05-13,Retail
CUST0210,Rajesh Mishra,West,Goa,2024-10-08,Retail
CUST0211,Anita Bansal,West,Ahmedabad,2024-05-03,Wholesale
CUST0212,Vikas Reddy,South,Madurai,2023-04-16,Wholesale
CUST0213,Nisha Kapoor,Central,Ujjain,2024-01-24,Retail
CUST0214,Anita Reddy,West,Nashik,2023-03-05,Retail
CUST0215,Ravi Gupta,South,Cochin,2023-10-22,Retail
CUST0216,Rekha Kapoor,West,Goa,2024-01-02,Wholesale
CUST0217,Suresh Thakur,South,Bangalore,2025-03-25,Wholesale
CUST0218,Rohit Khatri,East,Bhubaneswar,2023-07-12,Retail
CUST0219,Rohit Das,East,Bhubaneswar,2023-10-05,Distributor
CUST0220,Rahul Nair,North,Dehradun,2023-12-24,Retail
CUST0221,Vikas Pandey,North,Amritsar,2024-11-24,Wholesale
CUST0222,Pooja Thakur,North,Delhi,2024-11-03,Wholesale
CUST0223,Rahul Bansal,West,Nashik,2024-06-01,Retail
CUST0224,Sunita Singh,East,Bhubaneswar,2024-12-19,Wholesale
CUST0225,Sanjay Pandey,Northeast,Imphal,2023-03-18,Retail
CUST0226,Vikas Thakur,South,Mysore,2023-10-04,Retail
CUST0227,Kiran Tiwari,North,Noida,2024-09-15,Retail
CUST0228,Amit Singh,North,Noida,2024-05-27,Distributor
CUST0229,Lata Menon,South,Vijayawada,2024-04-18,Wholesale
CUST0230,Jyoti Nair,North,Gurgaon,2025-05-13,Wholesale
CUST0231,Shreya Patel,Northeast,Agartala,2023-01-30,Distributor
CUST0232,Asha Rao,West,Nashik,2024-02-19,Wholesale
CUST0233,Neha Mishra,South,Coimbatore,2024-02-12,Retail
CUST0234,Vijay Deshmukh,Central,Nagpur,2023-04-27,Distributor
CUST0235,Asha Saxena,West,Goa,2023-10-18,Distributor
CUST0236,Vijay Naidu,East,Patna,2024-11-22,Wholesale
CUST0237,Anil Deshmukh,Northeast,Itanagar,2023-09-10,Wholesale
CUST0238,Neha Das,East,Patna,2023-04-10,Retail
CUST0239,Sneha Kapoor,Central,Jabalpur,2024-06-21,Retail
CUST0240,Sunita Saxena,South,Bangalore,2024-11-22,Retail
CUST0241,Meena Chauhan,North,Amritsar,2025-03-03,Wholesale
CUST0242,Sanjay Bhattacharya,Central,Indore,2024-12-23,Retail
CUST0243,Lata Chatterjee,Northeast,Kohima,2025-04-17,Retail
CUST0244,Sunita Gupta,Central,Jabalpur,2024-10-15,Wholesale
CUST0245,Ravi Bhattacharya,Central,Gwalior,2024-06-03,Retail
CUST0246,Kiran Verma,East,Ranchi,2025-05-03,Retail
CUST0247,Meena Chatterjee,Northeast,Agartala,2024-03-18,Wholesale
CUST0248,Pooja Reddy,North,Chandigarh,2025-05-06,Retail
CUST0249,Ramesh Yadav,South,Hyderabad,2023-10-12,Retail
CUST0250,Vikas Reddy,South,Mysore,2024-02-12,Wholesale
CUST0251,Suresh Patel,East,Siliguri,2025-05-27,Retail
CUST0252,Anita Singh,Northeast,Imphal,2024-10-23,Retail
CUST0253,Neha Verma,Central,Nagpur,2024-01-27,Distributor
CUST0254,Kavita Tiwari,North,Delhi,2023-06-27,Retail
CUST0255,Amit Das,Northeast,Gangtok,2024-02-26,Distributor
CUST0256,Vijay Gupta,North,Gurgaon,2023-01-22,Retail
CUST0257,Kavita Sharma,North,Gurgaon,2024-03-09,Wholesale
CUST0258,Nisha Verma,North,Gurgaon,2025-04-13,Wholesale
CUST0259,Neha Singh,South,Bangalore,2023-03-01,Wholesale
CUST0260,Suresh Gupta,Northeast,Itanagar,2025-02-06,Retail
CUST0261,Anita Chauhan,North,Amritsar,2024-06-03,Retail
CUST0262,Arun Singh,West,Nagpur,2023-03-30,Wholesale
CUST0263,Rajesh Khatri,South,Bangalore,2023-01-04,Wholesale
CUST0264,Asha Sharma,West,Nagpur,2024-01-28,Retail
CUST0265,Arun Naidu,Central,Gwalior,2023-10-25,Wholesale
CUST0266,Nisha Rao,East,Bhubaneswar,2024-06-02,Wholesale
CUST0267,Vijay Kapoor,West,Pune,2024-02-28,Retail
CUST0268,Rajesh Tiwari,Northeast,Shillong,2024-12-18,Retail
CUST0269,Sneha Rao,East,Siliguri,2023-05-19,Retail
CUST0270,Divya Yadav,North,Lucknow,2023-10-30,Retail
CUST0271,Neha Verma,Northeast,Gangtok,2023-03-01,Retail
CUST0272,Asha Rao,North,Noida,2024-10-02,Retail
CUST0273,Anita Deshmukh,East,Cuttack,2023-07-03,Wholesale
CUST0274,Kiran Patel,South,Vijayawada,2023-04-12,Retail
CUST0275,Rohit Ghosh,West,Mumbai,2024-11-08,Retail
CUST0276,Sneha Naidu,East,Cuttack,2023-02-13,Retail
CUST0277,Ramesh Gupta,East,Bhubaneswar,2023-10-02,Distributor
CUST0278,Divya Joshi,East,Kolkata,2023-05-15,Retail
CUST0279,Sunita Ghosh,Northeast,Agartala,2024-08-21,Retail
CUST0280,Lata Iyer,Northeast,Dimapur,2023-02-07,Retail
CUST0281,Rahul Patel,Northeast,Shillong,2025-03-10,Retail
CUST0282,Lata Menon,South,Hyderabad,2023-06-28,Retail
CUST0283,Rahul Deshmukh,Central,Gwalior,2023-10-14,Retail
CUST0284,Ravi Bansal,Central,Bilaspur,2023-12-13,Retail
CUST0285,Sunita Verma,South,Vijayawada,2024-11-29,Retail
CUST0286,Lata Ghosh,West,Nagpur,2023-10-09,Wholesale
CUST0287,Suresh Kapoor,North,Amritsar,2025-03-09,Wholesale
CUST0288,Sanjay Rao,South,Hyderabad,2024-11-09,Wholesale
CUST0289,Neha Kumar,East,Kolkata,2024-04-16,Retail
CUST0290,Amit Chauhan,North,Dehradun,2023-10-11,Distributor
CUST0291,Kavita Gupta,South,Madurai,2024-02-05,Retail
CUST0292,Amit Das,Central,Bilaspur,2024-09-29,Distributor
CUST0293,Vijay Saxena,Central,Bilaspur,2024-01-02,Retail
CUST0294,Ravi Saxena,Central,Indore,2025-01-12,Wholesale
CUST0295,Rahul Sharma,Central,Bhopal,2023-12-30,Retail
CUST0296,Manoj Verma,South,Hyderabad,2023-01-17,Distributor
CUST0297,Deepak Patel,South,Coimbatore,2023-01-02,Wholesale
CUST0298,Kavita Saxena,West,Nagpur,2025-02-08,Retail
CUST0299,Sneha Tiwari,East,Durgapur,2023-12-09,Retail
CUST0300,Anita Saxena,Central,Gwalior,2023-07-08,Wholesale
CUST0301,Ramesh Chatterjee,Northeast,Imphal,2024-11-22,Distributor
CUST0302,Pooja Chauhan,South,Chennai,2024-10-22,Retail
CUST0303,Jyoti Thakur,South,Chennai,2024-04-29,Retail
CUST0304,Shreya Verma,Northeast,Agartala,2024-11-25,Distributor
CUST0305,Rahul Kapoor,South,Coimbatore,2023-12-29,Wholesale
CUST0306,Priya Thakur,South,Madurai,2023-10-16,Retail
CUST0307,Deepak Bhattacharya,South,Madurai,2024-08-08,Retail
CUST0308,Vijay Rao,Northeast,Agartala,2024-02-12,Retail
CUST0309,Deepak Chauhan,North,Noida,2024-12-08,Wholesale
CUST0310,Kiran Kumar,West,Vadodara,2023-01-13,Wholesale
CUST0311,Sunita Thakur,West,Nashik,2024-05-18,Retail
CUST0312,Rahul Deshmukh,Central,Raipur,2025-02-04,Wholesale
CUST0313,Rohit Gupta,East,Kolkata,2024-08-22,Retail
CUST0314,Asha Mishra,Northeast,Dimapur,2023-04-16,Retail
CUST0315,Nisha Mishra,East,Patna,2024-11-08,Wholesale
CUST0316,Rahul Reddy,West,Ahmedabad,2024-11-20,Retail
CUST0317,Neha Reddy,Northeast,Imphal,2024-11-09,Retail
CUST0318,Kiran Bansal,Northeast,Kohima,2024-11-05,Distributor
CUST0319,Deepak Chatterjee,Northeast,Dimapur,2023-12-06,Retail
CUST0320,Priya Yadav,Central,Gwalior,2025-01-04,Retail
CUST0321,Neha Kumar,East,Siliguri,2024-07-28,Distributor
CUST0322,Suresh Deshmukh,Northeast,Dimapur,2023-01-18,Retail
CUST0323,Nisha Das,Northeast,Gangtok,2025-02-17,Wholesale
CUST0324,Suresh Thakur,South,Vijayawada,2024-09-18,Distributor
CUST0325,Rohit Yadav,West,Ahmedabad,2024-09-19,Retail
CUST0326,Shreya Tiwari,East,Durgapur,2024-02-06,Retail
CUST0327,Ravi Bose,West,Pune,2023-12-05,Retail
CUST0328,Asha Chatterjee,Northeast,Gangtok,2024-04-18,Retail
CUST0329,Ravi Reddy,Central,Nagpur,2024-07-17,Wholesale
CUST0330,Kavita Bose,West,Mumbai,2025-02-11,Retail
CUST0331,Sunita Khatri,Central,Bhopal,2025-02-08,Retail
CUST0332,Ramesh Chatterjee,Central,Bhopal,2024-09-30,Wholesale
CUST0333,Shreya Verma,Central,Raipur,2024-12-25,Wholesale
CUST0334,Neha Iyer,South,Mysore,2024-07-01,Retail
CUST0335,Rohit Thakur,Central,Nagpur,2024-09-02,Retail
CUST0336,Anil Bansal,North,Delhi,2024-10-29,Retail
CUST0337,Asha Nair,Northeast,Dimapur,2023-07-25,Distributor
CUST0338,Deepak Singh,South,Bangalore,2024-07-26,Distributor
CUST0339,Jyoti Tiwari,East,Kolkata,2023-11-03,Retail
CUST0340,Jyoti Patel,South,Chennai,2024-05-06,Retail
CUST0341,Anil Naidu,South,Coimbatore,2024-11-20,Retail
CUST0342,Pooja Deshmukh,Northeast,Gangtok,2024-12-01,Wholesale
CUST0343,Manoj Bhattacharya,Northeast,Imphal,2024-04-20,Retail
CUST0344,Rohit Kapoor,East,Bhubaneswar,2024-06-01,Retail
CUST0345,Rajesh Chauhan,South,Coimbatore,2023-04-12,Wholesale
CUST0346,Ramesh Naidu,Northeast,Dimapur,2024-11-07,Retail
CUST0347,Anita Bose,Northeast,Agartala,2024-07-13,Retail
CUST0348,Rekha Singh,Northeast,Dimapur,2023-04-21,Retail
CUST0349,Amit Deshmukh,Central,Indore,2023-07-17,Retail
CUST0350,Lata Kumar,East,Cuttack,2025-04-03,Distributor
CUST0351,Deepak Kumar,South,Bangalore,2023-11-04,Wholesale
CUST0352,Kiran Verma,North,Jaipur,2024-08-18,Wholesale
CUST0353,Asha Khatri,West,Pune,2025-05-22,Wholesale
CUST0354,Amit Singh,West,Vadodara,2023-03-15,Retail
CUST0355,Sanjay Naidu,Northeast,Gangtok,2024-04-29,Distributor
CUST0356,Anil Sharma,Northeast,Kohima,2024-05-30,Retail
CUST0357,Deepak Saxena,South,Chennai,2025-02-14,Wholesale
CUST0358,Vikas Rao,East,Guwahati,2023-12-20,Retail
CUST0359,Deepak Naidu,South,Chennai,2023-05-08,Retail
CUST0360,Arun Pandey,South,Vijayawada,2024-04-12,Retail
CUST0361,Vijay Deshmukh,East,Bhubaneswar,2024-07-25,Retail
CUST0362,Rahul Ghosh,Northeast,Kohima,2024-12-31,Wholesale
CUST0363,Neha Bansal,North,Jaipur,2023-03-30,Retail
CUST0364,Kiran Menon,East,Guwahati,2024-10-28,Retail
CUST0365,Asha Tiwari,East,Guwahati,2024-12-02,Retail
CUST0366,Vikas Das,Northeast,Imphal,2025-01-18,Retail
CUST0367,Rahul Singh,East,Guwahati,2023-06-21,Retail
CUST0368,Manoj Nair,West,Nashik,2023-12-02,Retail
CUST0369,Asha Menon,Northeast,Aizawl,2024-08-06,Retail
CUST0370,Rekha Pandey,South,Mysore,2024-01-06,Retail
CUST0371,Kiran Naidu,Central,Nagpur,2023-01-30,Wholesale
CUST0372,Suresh Chatterjee,Northeast,Shillong,2023-01-20,Retail
CUST0373,Nisha Bose,Northeast,Itanagar,2024-06-13,Wholesale
CUST0374,Jyoti Gupta,East,Patna,2024-01-16,Distributor
CUST0375,Meena Khatri,Central,Bilaspur,2024-11-23,Retail
CUST0376,Rekha Chatterjee,Central,Indore,2024-09-18,Retail
CUST0377,Neha Joshi,South,Mysore,2024-02-14,Retail
CUST0378,Pooja Bhattacharya,North,Delhi,2024-06-04,Retail
CUST0379,Divya Verma,Northeast,Itanagar,2024-07-31,Retail
CUST0380,Nisha Agarwal,Northeast,Itanagar,2023-07-20,Retail
CUST0381,Divya Chauhan,Northeast,Aizawl,2025-05-21,Distributor
CUST0382,Divya Patel,North,Delhi,2024-06-24,Wholesale
CUST0383,Vikas Naidu,Northeast,Dimapur,2023-06-02,Distributor
CUST0384,Anil Kumar,North,Amritsar,2024-11-06,Retail
CUST0385,Divya Yadav,West,Vadodara,2023-05-18,Distributor
CUST0386,Vikas Yadav,Central,Indore,2024-03-04,Wholesale
CUST0387,Shreya Rao,East,Ranchi,2023-04-30,Wholesale
CUST0388,Jyoti Deshmukh,Central,Ujjain,2024-12-16,Wholesale
CUST0389,Sunita Chatterjee,North,Dehradun,2023-10-31,Retail
CUST0390,Anita Bhattacharya,West,Ahmedabad,2023-12-15,Retail
CUST0391,Asha Chatterjee,North,Dehradun,2024-06-30,Wholesale
CUST0392,Sneha Bansal,Northeast,Aizawl,2024-12-22,Retail
CUST0393,Deepak Joshi,Central,Bhopal,2024-01-26,Retail
CUST0394,Kavita Bansal,East,Siliguri,2024-03-03,Retail
CUST0395,Nisha Menon,South,Bangalore,2024-02-28,Retail
CUST0396,Anita Rao,Northeast,Aizawl,2024-05-13,Retail
CUST0397,Kavita Chauhan,East,Durgapur,2024-09-22,Retail
CUST0398,Amit Chauhan,North,Jaipur,2025-03-08,Retail
CUST0399,Vijay Das,South,Madurai,2024-02-28,Retail
CUST0400,Rekha Kapoor,South,Bangalore,2023-08-19,Retail
CUST0401,Ramesh Sharma,South,Madurai,2024-10-25,Retail
CUST0402,Kavita Reddy,Northeast,Agartala,2025-01-28,Wholesale
CUST0403,Kavita Verma,West,Mumbai,2023-04-12,Retail
CUST0404,Pooja Patel,North,Lucknow,2023-10-05,Retail
CUST0405,Rajesh Nair,West,Ahmedabad,2024-02-08,Retail
CUST0406,Amit Thakur,North,Dehradun,2023-03-09,Retail
CUST0407,Neha Joshi,Central,Jabalpur,2023-12-21,Wholesale
CUST0408,Deepak Gupta,Central,Ujjain,2023-07-25,Retail
CUST0409,Sunita Kumar,Northeast,Aizawl,2024-11-04,Wholesale
CUST0410,Pooja Pandey,East,Guwahati,2023-02-14,Retail
CUST0411,Rahul Iyer,Northeast,Agartala,2023-05-27,Wholesale
CUST0412,Manoj Chauhan,Northeast,Shillong,2023-11-20,Retail
CUST0413,Rekha Reddy,North,Lucknow,2023-08-14,Wholesale
CUST0414,Jyoti Bose,West,Ahmedabad,2024-03-02,Wholesale
CUST0415,Shreya Agarwal,South,Chennai,2023-04-10,Wholesale
CUST0416,Ramesh Joshi,South,Madurai,2024-07-06,Retail
CUST0417,Divya Khatri,West,Pune,2024-06-10,Retail
CUST0418,Sunita Bose,Central,Bhopal,2023-05-12,Wholesale
CUST0419,Rajesh Kapoor,East,Ranchi,2023-02-24,Retail
CUST0420,Neha Joshi,Northeast,Kohima,2023-04-22,Retail
CUST0421,Asha Thakur,East,Patna,2024-06-13,Wholesale
CUST0422,Anil Ghosh,Central,Nagpur,2025-02-16,Retail
CUST0423,Manoj Menon,Central,Jabalpur,2025-04-16,Retail
CUST0424,Ravi Menon,South,Bangalore,2024-06-25,Retail
CUST0425,Asha Patel,Northeast,Dimapur,2024-11-15,Wholesale
CUST0426,Rekha Pandey,East,Guwahati,2024-05-26,Distributor
CUST0427,Ravi Gupta,South,Madurai,2024-12-19,Retail
CUST0428,Pooja Gupta,North,Amritsar,2024-10-15,Retail
CUST0429,Ramesh Iyer,Central,Gwalior,2025-04-22,Retail
CUST0430,Suresh Sharma,West,Goa,2023-04-03,Distributor
CUST0431,Jyoti Iyer,East,Patna,2024-10-17,Retail
CUST0432,Jyoti Patel,South,Hyderabad,2024-08-09,Retail
CUST0433,Jyoti Nair,South,Bangalore,2025-04-04,Retail
CUST0434,Anil Patel,East,Siliguri,2025-01-10,Retail
CUST0435,Kavita Naidu,South,Vijayawada,2024-01-14,Wholesale
CUST0436,Rajesh Gupta,North,Noida,2025-01-24,Wholesale
CUST0437,Anita Agarwal,West,Mumbai,2024-08-06,Wholesale
CUST0438,Meena Sharma,North,Noida,2023-04-17,Retail
CUST0439,Nisha Pandey,East,Durgapur,2023-08-20,Retail
CUST0440,Suresh Naidu,North,Lucknow,2025-05-21,Retail
CUST0441,Sunita Saxena,Central,Indore,2023-04-27,Retail
CUST0442,Rahul Singh,East,Guwahati,2024-07-28,Wholesale
CUST0443,Pooja Iyer,South,Cochin,2025-03-19,Wholesale
CUST0444,Amit Reddy,Northeast,Itanagar,2024-06-23,Wholesale
CUST0445,Deepak Verma,North,Lucknow,2025-01-25,Distributor
CUST0446,Kavita Deshmukh,West,Ahmedabad,2024-11-18,Retail
CUST0447,Amit Iyer,North,Gurgaon,2024-10-15,Wholesale
CUST0448,Rahul Iyer,South,Madurai,2023-09-10,Retail
CUST0449,Vikas Bhattacharya,Central,Nagpur,2023-06-11,Distributor
CUST0450,Asha Verma,South,Madurai,2025-01-22,Retail
CUST0451,Kavita Nair,Central,Raipur,2024-07-23,Wholesale
CUST0452,Rajesh Gupta,Northeast,Aizawl,2024-11-13,Distributor
CUST0453,Asha Nair,North,Amritsar,2023-09-24,Wholesale
CUST0454,Sunita Bhattacharya,South,Chennai,2024-09-14,Distributor
CUST0455,Sneha Verma,West,Goa,2024-09-05,Retail
CUST0456,Vikas Verma,South,Cochin,2023-03-19,Retail
CUST0457,Jyoti Rao,West,Goa,2024-04-29,Retail
CUST0458,Amit Singh,North,Gurgaon,2024-07-13,Wholesale
CUST0459,Jyoti Pandey,Central,Indore,2024-09-25,Distributor
CUST0460,Sunita Nair,Northeast,Kohima,2024-10-06,Retail
CUST0461,Rajesh Iyer,North,Lucknow,2023-07-29,Retail
CUST0462,Arun Saxena,East,Siliguri,2023-12-19,Retail
CUST0463,Asha Saxena,East,Kolkata,2024-12-05,Retail
CUST0464,Suresh Singh,Northeast,Agartala,2023-09-14,Wholesale
CUST0465,Manoj Verma,East,Guwahati,2024-01-16,Retail
CUST0466,Rajesh Bose,South,Cochin,2023-03-09,Retail
CUST0467,Ravi Yadav,Central,Indore,2024-03-13,Wholesale
CUST0468,Pooja Verma,South,Chennai,2025-02-07,Distributor
CUST0469,Sneha Patel,Central,Gwalior,2023-08-19,Retail
CUST0470,Kiran Tiwari,Central,Gwalior,2025-05-24,Distributor
CUST0471,Shreya Agarwal,East,Bhubaneswar,2023-01-08,Retail
CUST0472,Manoj Gupta,Central,Nagpur,2023-07-13,Retail
CUST0473,Meena Reddy,East,Bhubaneswar,2023-05-02,Wholesale
CUST0474,Nisha Bhattacharya,South,Vijayawada,2025-03-15,Wholesale
CUST0475,Kavita Das,Northeast,Imphal,2023-07-09,Retail
CUST0476,Jyoti Deshmukh,North,Gurgaon,2023-09-14,Wholesale
CUST0477,Sanjay Chatterjee,Central,Indore,2024-10-03,Distributor
CUST0478,Divya Gupta,West,Nagpur,2025-01-10,Retail
CUST0479,Shreya Bansal,Central,Indore,2025-05-11,Retail
CUST0480,Ravi Pandey,East,Kolkata,2023-02-09,Retail
CUST0481,Shreya Pandey,North,Delhi,2024-07-08,Retail
CUST0482,Lata Naidu,South,Cochin,2023-11-05,Wholesale
CUST0483,Deepak Rao,Central,Gwalior,2023-07-20,Wholesale
CUST0484,Neha Tiwari,West,Surat,2023-05-05,Wholesale
CUST0485,Divya Rao,Central,Jabalpur,2023-09-30,Retail
CUST0486,Suresh Chatterjee,North,Jaipur,2023-10-22,Retail
CUST0487,Suresh Bose,East,Siliguri,2025-05-24,Retail
CUST0488,Arun Verma,South,Chennai,2024-10-18,Wholesale
CUST0489,Divya Verma,North,Jaipur,2023-03-20,Wholesale
CUST0490,Suresh Rao,Northeast,Agartala,2024-10-03,Retail
CUST0491,Sanjay Rao,South,Mysore,2023-07-28,Retail
CUST0492,Sunita Singh,East,Siliguri,2025-02-09,Retail
CUST0493,Ramesh Thakur,South,Coimbatore,2024-08-12,Retail
CUST0494,Ravi Rao,Northeast,Shillong,2023-03-08,Retail
CUST0495,Neha Khatri,West,Surat,2024-05-21,Wholesale
CUST0496,Ravi Tiwari,North,Amritsar,2025-01-16,Retail
CUST0497,Nisha Yadav,East,Patna,2023-09-20,Retail
CUST0498,Shreya Iyer,Central,Indore,2023-02-24,Retail
CUST0499,Suresh Gupta,Central,Jabalpur,2023-10-06,Distributor
CUST0500,Lata Das,East,Guwahati,2025-03-21,Wholesale
CUST0501,Suresh Tiwari,Central,Indore,2023-03-16,Retail
CUST0502,Vikas Kumar,East,Patna,2024-09-26,Wholesale
CUST0503,Sneha Kumar,West,Pune,2024-09-11,Retail
CUST0504,Deepak Verma,South,Cochin,2023-09-22,Retail
CUST0505,Rahul Thakur,East,Patna,2024-05-09,Wholesale
CUST0506,Shreya Deshmukh,Northeast,Gangtok,2023-12-01,Retail
CUST0507,Amit Ghosh,East,Ranchi,2024-10-14,Distributor
CUST0508,Vijay Chatterjee,South,Madurai,2023-06-21,Wholesale
CUST0509,Amit Chauhan,Northeast,Aizawl,2023-02-12,Wholesale
CUST0510,Deepak Reddy,West,Ahmedabad,2024-07-20,Wholesale
CUST0511,Neha Joshi,North,Lucknow,2023-11-16,Retail
CUST0512,Kavita Sharma,East,Siliguri,2024-07-11,Retail
CUST0513,Rajesh Patel,Central,Indore,2024-10-21,Wholesale
CUST0514,Deepak Deshmukh,South,Madurai,2023-11-03,Retail
CUST0515,Rohit Verma,South,Vijayawada,2023-10-01,Retail
CUST0516,Neha Patel,West,Vadodara,2024-06-24,Retail
CUST0517,Manoj Thakur,South,Cochin,2023-12-14,Wholesale
CUST0518,Sunita Reddy,Northeast,Gangtok,2024-12-24,Retail
CUST0519,Lata Tiwari,East,Cuttack,2023-11-23,Wholesale
CUST0520,Amit Ghosh,Central,Raipur,2024-04-20,Retail
CUST0521,Suresh Nair,West,Mumbai,2023-08-04,Retail
CUST0522,Anil Menon,East,Durgapur,2024-10-10,Wholesale
CUST0523,Sneha Ghosh,Northeast,Dimapur,2023-12-01,Retail
CUST0524,Ramesh Rao,North,Lucknow,2023-08-17,Retail
CUST0525,Anita Bansal,East,Ranchi,2024-04-23,Retail
CUST0526,Anita Reddy,South,Cochin,2025-05-08,Retail
CUST0527,Rahul Naidu,Central,Nagpur,2023-03-25,Retail
CUST0528,Rahul Das,Northeast,Aizawl,2023-03-01,Retail
CUST0529,Rohit Bansal,West,Ahmedabad,2024-10-07,Wholesale
CUST0530,Kavita Iyer,Central,Bilaspur,2024-03-25,Wholesale
CUST0531,Rohit Chauhan,West,Surat,2023-03-14,Wholesale
CUST0532,Ravi Agarwal,East,Patna,2023-04-11,Retail
CUST0533,Meena Ghosh,Northeast,Itanagar,2025-01-02,Retail
CUST0534,Lata Iyer,North,Chandigarh,2024-01-04,Distributor
CUST0535,Vijay Yadav,Northeast,Kohima,2025-02-01,Retail
CUST0536,Neha Mishra,North,Dehradun,2023-02-23,Retail
CUST0537,Manoj Khatri,South,Vijayawada,2025-05-25,Retail
CUST0538,Divya Khatri,North,Noida,2024-02-10,Retail
CUST0539,Manoj Thakur,Central,Bilaspur,2025-04-27,Wholesale
CUST0540,Jyoti Naidu,South,Coimbatore,2023-06-04,Wholesale
CUST0541,Sneha Tiwari,South,Hyderabad,2024-04-26,Retail
CUST0542,Vijay Saxena,West,Vadodara,2023-04-27,Distributor
CUST0543,Lata Rao,East,Durgapur,2025-03-13,Distributor
CUST0544,Arun Agarwal,Northeast,Shillong,2023-04-17,Wholesale
CUST0545,Kiran Agarwal,South,Vijayawada,2024-10-23,Retail
CUST0546,Sneha Sharma,West,Vadodara,2024-09-13,Wholesale
CUST0547,Jyoti Ghosh,West,Mumbai,2024-11-30,Retail
CUST0548,Meena Khatri,East,Cuttack,2024-01-14,Retail
CUST0549,Suresh Sharma,West,Ahmedabad,2023-05-29,Wholesale
CUST0550,Divya Yadav,Northeast,Shillong,2024-08-08,Distributor
CUST0551,Meena Verma,North,Amritsar,2023-03-22,Retail
CUST0552,Priya Khatri,North,Amritsar,2024-05-12,Retail
CUST0553,Rahul Tiwari,Central,Bilaspur,2024-03-13,Retail
CUST0554,Meena Ghosh,South,Madurai,2023-06-29,Retail
CUST0555,Asha Yadav,North,Jaipur,2023-03-08,Retail
CUST0556,Rohit Yadav,West,Nagpur,2023-12-11,Retail
CUST0557,Amit Reddy,North,Delhi,2024-01-27,Retail
CUST0558,Anita Sharma,South,Cochin,2024-05-23,Distributor
CUST0559,Arun Singh,North,Lucknow,2023-06-09,Retail
CUST0560,Lata Yadav,East,Kolkata,2024-04-12,Retail
CUST0561,Anita Tiwari,Northeast,Itanagar,2025-03-03,Wholesale
CUST0562,Jyoti Patel,West,Surat,2023-10-11,Wholesale
CUST0563,Jyoti Bhattacharya,West,Pune,2024-03-14,Retail
CUST0564,Nisha Thakur,East,Bhubaneswar,2023-06-29,Retail
CUST0565,Kavita Khatri,West,Ahmedabad,2023-10-22,Distributor
CUST0566,Rajesh Khatri,West,Mumbai,2023-08-08,Wholesale
CUST0567,Neha Agarwal,Northeast,Imphal,2025-05-16,Distributor
CUST0568,Kavita Reddy,Northeast,Aizawl,2025-03-15,Wholesale
CUST0569,Sunita Menon,North,Chandigarh,2025-03-08,Retail
CUST0570,Ravi Mishra,West,Nagpur,2023-01-15,Retail
CUST0571,Rajesh Chauhan,West,Surat,2023-07-16,Distributor
CUST0572,Arun Thakur,North,Chandigarh,2024-03-21,Retail
CUST0573,Nisha Pandey,East,Patna,2024-04-23,Wholesale
CUST0574,Sanjay Bose,Northeast,Dimapur,2025-03-10,Retail
CUST0575,Vikas Singh,South,Mysore,2025-02-05,Retail
CUST0576,Divya Chauhan,Northeast,Shillong,2023-06-10,Wholesale
CUST0577,Sunita Reddy,East,Bhubaneswar,2024-10-18,Wholesale
CUST0578,Suresh Das,West,Goa,2024-10-26,Retail
CUST0579,Vijay Deshmukh,Northeast,Itanagar,2024-11-15,Retail
CUST0580,Anita Joshi,Northeast,Shillong,2024-04-27,Wholesale
CUST0581,Shreya Bhattacharya,West,Goa,2024-02-18,Retail
CUST0582,Vikas Verma,Central,Nagpur,2025-05-23,Wholesale
CUST0583,Kiran Bhattacharya,East,Durgapur,2025-02-24,Wholesale
CUST0584,Kavita Bhattacharya,West,Ahmedabad,2024-11-28,Retail
CUST0585,Shreya Iyer,South,Mysore,2023-10-17,Retail
CUST0586,Anita Joshi,Central,Ujjain,2024-05-21,Distributor
CUST0587,Arun Iyer,South,Vijayawada,2024-01-13,Distributor
CUST0588,Jyoti Gupta,West,Nashik,2023-06-08,Retail
CUST0589,Ramesh Mishra,West,Mumbai,2024-11-05,Distributor
CUST0590,Arun Naidu,East,Bhubaneswar,2025-05-19,Wholesale
CUST0591,Manoj Chatterjee,South,Coimbatore,2024-01-19,Wholesale
CUST0592,Sneha Saxena,West,Mumbai,2023-09-24,Retail
CUST0593,Arun Agarwal,Central,Bhopal,2024-01-29,Retail
CUST0594,Vijay Das,North,Noida,2024-05-30,Retail
CUST0595,Jyoti Agarwal,Central,Bhopal,2023-10-08,Distributor
CUST0596,Vijay Naidu,Central,Bilaspur,2023-11-09,Retail
CUST0597,Anil Rao,East,Patna,2025-05-15,Retail
CUST0598,Manoj Sharma,South,Chennai,2024-01-10,Wholesale
CUST0599,Divya Mishra,South,Coimbatore,2024-03-01,Retail
CUST0600,Jyoti Saxena,Northeast,Kohima,2023-07-19,Distributor
CUST0601,Sanjay Khatri,South,Coimbatore,2023-07-17,Retail
CUST0602,Meena Naidu,East,Guwahati,2023-10-29,Retail
CUST0603,Sneha Deshmukh,North,Gurgaon,2023-06-05,Retail
CUST0604,Sanjay Tiwari,East,Kolkata,2023-03-21,Retail
CUST0605,Rahul Bose,North,Amritsar,2024-02-29,Retail
CUST0606,Lata Deshmukh,West,Vadodara,2023-01-02,Wholesale
CUST0607,Rajesh Gupta,South,Mysore,2024-06-16,Distributor
CUST0608,Meena Pandey,East,Cuttack,2023-11-13,Wholesale
CUST0609,Arun Nair,Central,Bhopal,2024-02-14,Retail
CUST0610,Rajesh Bose,Northeast,Agartala,2024-10-16,Retail
CUST0611,Kavita Kumar,Central,Bhopal,2023-02-12,Retail
CUST0612,Vijay Das,East,Patna,2023-11-20,Distributor
CUST0613,Arun Bhattacharya,North,Lucknow,2023-12-08,Retail
CUST0614,Ravi Verma,Central,Bilaspur,2023-11-10,Retail
CUST0615,Vijay Joshi,South,Hyderabad,2024-08-18,Retail
CUST0616,Neha Ghosh,Northeast,Itanagar,2025-02-26,Retail
CUST0617,Arun Das,South,Cochin,2024-09-02,Distributor
CUST0618,Suresh Patel,East,Patna,2023-08-17,Retail
CUST0619,Sanjay Bhattacharya,West,Pune,2023-06-09,Wholesale
CUST0620,Rekha Patel,Northeast,Aizawl,2025-04-04,Retail
CUST0621,Shreya Mishra,Central,Indore,2023-02-01,Retail
CUST0622,Manoj Menon,North,Noida,2024-12-09,Wholesale
CUST0623,Anita Bhattacharya,South,Coimbatore,2024-08-29,Retail
CUST0624,Anita Rao,Northeast,Aizawl,2024-03-18,Retail
CUST0625,Ramesh Tiwari,West,Nagpur,2023-02-23,Retail
CUST0626,Rohit Thakur,Northeast,Imphal,2023-01-01,Retail
CUST0627,Lata Khatri,North,Amritsar,2024-07-18,Wholesale
CUST0628,Anita Naidu,West,Nashik,2023-01-09,Wholesale
CUST0629,Rahul Verma,East,Kolkata,2023-03-15,Retail
CUST0630,Lata Sharma,West,Pune,2023-07-13,Retail
CUST0631,Suresh Agarwal,Northeast,Itanagar,2023-04-13,Distributor
CUST0632,Meena Deshmukh,Central,Indore,2024-05-19,Retail
CUST0633,Priya Kapoor,East,Kolkata,2025-03-08,Retail
CUST0634,Jyoti Bansal,North,Delhi,2025-03-08,Retail
CUST0635,Rekha Thakur,Northeast,Shillong,2023-07-16,Retail
CUST0636,Amit Patel,West,Nagpur,2023-05-24,Retail
CUST0637,Jyoti Bansal,East,Durgapur,2023-06-07,Retail
CUST0638,Arun Khatri,Central,Indore,2023-02-28,Retail
CUST0639,Sanjay Mishra,West,Vadodara,2024-11-19,Retail
CUST0640,Manoj Chauhan,Northeast,Shillong,2023-10-06,Distributor
CUST0641,Divya Singh,West,Ahmedabad,2024-03-15,Wholesale
CUST0642,Ramesh Verma,North,Gurgaon,2025-01-14,Wholesale
CUST0643,Jyoti Deshmukh,South,Mysore,2025-01-27,Wholesale
CUST0644,Deepak Naidu,Central,Ujjain,2023-01-30,Wholesale
CUST0645,Nisha Rao,South,Chennai,2024-11-10,Distributor
CUST0646,Lata Joshi,East,Siliguri,2024-09-27,Retail
CUST0647,Vikas Mishra,West,Ahmedabad,2023-08-17,Retail
CUST0648,Sneha Bansal,Northeast,Shillong,2023-04-02,Retail
CUST0649,Rekha Verma,South,Hyderabad,2025-01-03,Retail
CUST0650,Neha Ghosh,Northeast,Itanagar,2023-11-13,Distributor
CUST0651,Sunita Rao,North,Dehradun,2023-09-07,Retail
CUST0652,Rajesh Thakur,South,Bangalore,2023-08-04,Retail
CUST0653,Jyoti Verma,South,Mysore,2023-06-03,Wholesale
CUST0654,Nisha Naidu,East,Bhubaneswar,2024-09-29,Wholesale
CUST0655,Anita Tiwari,North,Gurgaon,2023-06-14,Retail
CUST0656,Nisha Naidu,South,Cochin,2024-01-10,Retail
CUST0657,Neha Bansal,South,Cochin,2023-11-27,Distributor
CUST0658,Arun Reddy,Northeast,Aizawl,2023-09-17,Wholesale
CUST0659,Nisha Chatterjee,East,Cuttack,2023-04-03,Wholesale
CUST0660,Rohit Patel,Central,Gwalior,2023-02-10,Wholesale
CUST0661,Asha Khatri,West,Mumbai,2024-09-08,Retail
CUST0662,Sunita Gupta,Central,Raipur,2024-08-26,Retail
CUST0663,Kavita Tiwari,North,Delhi,2024-01-17,Retail
CUST0664,Anil Singh,Northeast,Aizawl,2025-02-09,Retail
CUST0665,Divya Saxena,North,Delhi,2025-02-14,Retail
CUST0666,Deepak Chauhan,Northeast,Kohima,2023-01-24,Wholesale
CUST0667,Ramesh Rao,Central,Raipur,2024-11-28,Retail
CUST0668,Rahul Thakur,North,Lucknow,2025-03-30,Wholesale
CUST0669,Kiran Patel,Northeast,Imphal,2024-07-28,Retail
CUST0670,Anil Pandey,North,Delhi,2024-05-01,Wholesale
CUST0671,Vijay Nair,Northeast,Agartala,2024-01-01,Wholesale
CUST0672,Manoj Thakur,East,Kolkata,2023-03-13,Distributor
CUST0673,Amit Verma,Northeast,Dimapur,2024-04-10,Wholesale
CUST0674,Nisha Singh,South,Bangalore,2023-06-27,Retail
CUST0675,Anita Naidu,West,Mumbai,2024-03-26,Wholesale
CUST0676,Vijay Bansal,Northeast,Aizawl,2024-06-20,Retail
CUST0677,Sanjay Thakur,West,Nagpur,2025-03-10,Retail
CUST0678,Ramesh Pandey,Central,Ujjain,2023-09-21,Retail
CUST0679,Kiran Ghosh,Central,Nagpur,2023-12-31,Retail
CUST0680,Amit Chauhan,Central,Nagpur,2024-04-12,Wholesale
CUST0681,Deepak Kumar,East,Cuttack,2024-10-02,Wholesale
CUST0682,Priya Saxena,West,Nagpur,2023-12-16,Retail
CUST0683,Anita Iyer,Central,Ujjain,2023-07-26,Retail
CUST0684,Amit Chatterjee,South,Cochin,2024-09-20,Retail
CUST0685,Anita Chatterjee,South,Vijayawada,2023-03-20,Retail
CUST0686,Neha Sharma,East,Ranchi,2024-01-11,Retail
CUST0687,Anil Tiwari,Central,Gwalior,2024-09-11,Wholesale
CUST0688,Deepak Deshmukh,East,Durgapur,2024-12-26,Wholesale
CUST0689,Neha Nair,East,Patna,2024-10-07,Retail
CUST0690,Divya Mishra,South,Bangalore,2024-05-01,Wholesale
CUST0691,Vikas Naidu,Northeast,Aizawl,2024-07-23,Wholesale
CUST0692,Pooja Khatri,Northeast,Imphal,2024-10-21,Distributor
CUST0693,Vijay Bhattacharya,Central,Jabalpur,2023-11-13,Retail
CUST0694,Asha Patel,West,Ahmedabad,2025-03-08,Retail
CUST0695,Nisha Kapoor,South,Coimbatore,2023-01-05,Retail
CUST0696,Vijay Yadav,North,Lucknow,2023-01-03,Distributor
CUST0697,Ramesh Menon,North,Jaipur,2024-04-13,Wholesale
CUST0698,Asha Khatri,South,Hyderabad,2025-03-17,Retail
CUST0699,Rekha Yadav,Central,Nagpur,2023-04-02,Wholesale
CUST0700,Rahul Pandey,East,Bhubaneswar,2023-12-20,Wholesale
CUST0701,Priya Rao,West,Ahmedabad,2023-03-24,Retail
CUST0702,Rajesh Yadav,South,Coimbatore,2024-07-19,Retail
CUST0703,Ramesh Chatterjee,North,Lucknow,2023-12-18,Retail
CUST0704,Meena Bhattacharya,West,Surat,2025-05-06,Wholesale
CUST0705,Meena Patel,Central,Gwalior,2023-01-18,Distributor
CUST0706,Jyoti Saxena,Northeast,Itanagar,2025-03-09,Retail
CUST0707,Pooja Kumar,Central,Raipur,2024-11-30,Retail
CUST0708,Ramesh Saxena,West,Goa,2024-10-10,Retail
CUST0709,Kiran Verma,West,Mumbai,2023-11-27,Wholesale
CUST0710,Asha Chatterjee,Northeast,Imphal,2024-08-21,Retail
CUST0711,Nisha Kumar,East,Siliguri,2023-01-28,Wholesale
CUST0712,Anita Naidu,Central,Nagpur,2023-04-18,Retail
CUST0713,Amit Patel,South,Madurai,2025-03-25,Wholesale
CUST0714,Deepak Ghosh,North,Lucknow,2024-03-24,Distributor
CUST0715,Kiran Joshi,South,Hyderabad,2023-04-29,Wholesale
CUST0716,Vijay Chauhan,East,Cuttack,2024-03-30,Retail
CUST0717,Kavita Menon,South,Vijayawada,2023-04-01,Wholesale
CUST0718,Deepak Rao,South,Bangalore,2023-10-31,Retail
CUST0719,Meena Agarwal,West,Vadodara,2023-06-10,Retail
CUST0720,Kavita Kapoor,Northeast,Aizawl,2024-06-17,Retail
CUST0721,Jyoti Thakur,West,Surat,2023-10-03,Retail
CUST0722,Nisha Rao,Central,Bilaspur,2023-10-18,Wholesale
CUST0723,Lata Naidu,West,Nashik,2024-07-03,Retail
CUST0724,Lata Saxena,Central,Indore,2025-05-18,Retail
CUST0725,Vikas Singh,North,Amritsar,2023-09-28,Retail
CUST0726,Rekha Naidu,North,Delhi,2023-01-19,Wholesale
CUST0727,Rahul Yadav,Central,Jabalpur,2024-09-11,Wholesale
CUST0728,Sneha Menon,Central,Ujjain,2023-08-04,Retail
CUST0729,Sunita Bose,Northeast,Gangtok,2023-10-10,Wholesale
CUST0730,Kiran Yadav,Northeast,Aizawl,2023-12-07,Retail
CUST0731,Jyoti Kumar,East,Durgapur,2025-05-22,Wholesale
CUST0732,Anita Agarwal,South,Madurai,2023-03-06,Wholesale
CUST0733,Arun Kumar,West,Ahmedabad,2025-02-11,Retail
CUST0734,Shreya Joshi,North,Lucknow,2023-09-12,Wholesale
CUST0735,Sunita Agarwal,East,Siliguri,2025-05-22,Wholesale
CUST0736,Amit Verma,Central,Bilaspur,2023-06-07,Distributor
CUST0737,Meena Verma,West,Nashik,2023-04-17,Retail
CUST0738,Amit Pandey,South,Mysore,2023-09-12,Retail
CUST0739,Sneha Nair,Northeast,Kohima,2023-02-05,Distributor
CUST0740,Suresh Bose,East,Bhubaneswar,2024-02-15,Retail
CUST0741,Priya Sharma,South,Hyderabad,2023-02-15,Retail
CUST0742,Sunita Bansal,Northeast,Itanagar,2023-08-23,Retail
CUST0743,Kiran Nair,Central,Nagpur,2023-07-27,Retail
CUST0744,Deepak Nair,South,Bangalore,2023-06-29,Wholesale
CUST0745,Pooja Das,West,Vadodara,2023-08-13,Retail
CUST0746,Priya Sharma,North,Jaipur,2023-08-15,Wholesale
CUST0747,Kiran Nair,South,Madurai,2025-03-30,Wholesale
CUST0748,Nisha Mishra,South,Coimbatore,2024-02-10,Retail
CUST0749,Pooja Pandey,Northeast,Imphal,2024-06-04,Wholesale
CUST0750,Ravi Mishra,Northeast,Gangtok,2025-04-15,Retail
CUST0751,Ramesh Chauhan,North,Noida,2023-04-06,Wholesale
CUST0752,Ravi Reddy,Northeast,Agartala,2023-01-12,Retail
CUST0753,Ramesh Bhattacharya,North,Jaipur,2024-08-04,Retail
CUST0754,Priya Bose,Northeast,Shillong,2023-10-25,Distributor
CUST0755,Nisha Pandey,North,Noida,2023-01-24,Retail
CUST0756,Priya Sharma,North,Amritsar,2025-02-09,Wholesale
CUST0757,Sanjay Chauhan,West,Vadodara,2023-05-25,Wholesale
CUST0758,Sneha Bhattacharya,East,Durgapur,2024-09-12,Retail
CUST0759,Anil Gupta,South,Cochin,2023-12-21,Retail
CUST0760,Anil Singh,West,Mumbai,2023-10-17,Wholesale
CUST0761,Vikas Kapoor,Northeast,Shillong,2024-11-25,Wholesale
CUST0762,Meena Joshi,East,Bhubaneswar,2023-04-18,Wholesale
CUST0763,Sneha Bhattacharya,Central,Gwalior,2023-11-14,Retail
CUST0764,Anita Patel,Northeast,Shillong,2024-02-26,Retail
CUST0765,Ramesh Reddy,Central,Ujjain,2025-05-29,Retail
CUST0766,Lata Naidu,Northeast,Gangtok,2024-07-12,Retail
CUST0767,Neha Naidu,Northeast,Itanagar,2024-06-01,Retail
CUST0768,Sneha Chatterjee,West,Pune,2024-10-26,Retail
CUST0769,Anita Bose,North,Delhi,2023-12-02,Retail
CUST0770,Arun Reddy,Central,Gwalior,2023-03-14,Retail
CUST0771,Nisha Das,Northeast,Gangtok,2023-09-14,Retail
CUST0772,Nisha Tiwari,Northeast,Gangtok,2023-04-24,Wholesale
CUST0773,Meena Chauhan,West,Vadodara,2024-12-17,Wholesale
CUST0774,Anil Singh,Central,Raipur,2024-05-04,Retail
CUST0775,Pooja Agarwal,East,Cuttack,2023-05-30,Distributor
CUST0776,Shreya Naidu,Central,Bilaspur,2023-05-27,Wholesale
CUST0777,Suresh Kumar,West,Goa,2024-07-20,Retail
CUST0778,Sunita Bhattacharya,Central,Nagpur,2023-04-07,Wholesale
CUST0779,Rekha Reddy,East,Ranchi,2024-07-31,Retail
CUST0780,Shreya Kumar,East,Siliguri,2024-05-30,Wholesale
CUST0781,Ravi Agarwal,East,Durgapur,2023-12-19,Wholesale
CUST0782,Divya Joshi,East,Kolkata,2025-05-15,Wholesale
CUST0783,Rekha Das,West,Vadodara,2023-04-28,Retail
CUST0784,Lata Rao,Central,Ujjain,2024-06-02,Retail
CUST0785,Shreya Kumar,Northeast,Agartala,2024-03-17,Wholesale
CUST0786,Lata Mishra,North,Amritsar,2024-10-19,Retail
CUST0787,Vikas Gupta,North,Gurgaon,2024-11-18,Retail
CUST0788,Kavita Ghosh,West,Ahmedabad,2024-10-26,Wholesale
CUST0789,Rekha Bhattacharya,South,Bangalore,2025-05-17,Retail
CUST0790,Deepak Verma,West,Pune,2023-09-04,Wholesale
CUST0791,Manoj Bose,South,Hyderabad,2024-09-02,Wholesale
CUST0792,Meena Bose,North,Gurgaon,2024-01-14,Wholesale
CUST0793,Meena Iyer,South,Vijayawada,2024-11-22,Wholesale
CUST0794,Divya Iyer,Central,Ujjain,2023-02-03,Retail
CUST0795,Meena Chauhan,West,Goa,2024-11-01,Wholesale
CUST0796,Kavita Naidu,South,Cochin,2025-05-03,Wholesale
CUST0797,Amit Naidu,East,Siliguri,2025-05-29,Distributor
CUST0798,Vikas Khatri,North,Lucknow,2023-09-26,Retail
CUST0799,Sanjay Naidu,North,Dehradun,2025-03-21,Distributor
CUST0800,Asha Rao,North,Jaipur,2024-10-21,Retail
CUST0801,Jyoti Kapoor,Northeast,Shillong,2024-04-27,Wholesale
CUST0802,Divya Joshi,South,Madurai,2024-03-14,Retail
CUST0803,Vijay Saxena,South,Mysore,2024-11-02,Retail
CUST0804,Vikas Ghosh,West,Surat,2025-05-30,Retail
CUST0805,Kavita Bhattacharya,North,Delhi,2023-09-03,Wholesale
CUST0806,Anil Iyer,West,Nashik,2023-12-10,Distributor
CUST0807,Lata Tiwari,East,Ranchi,2023-01-05,Retail
CUST0808,Ramesh Iyer,North,Noida,2024-04-01,Retail
CUST0809,Deepak Sharma,Northeast,Itanagar,2024-05-14,Retail
CUST0810,Ravi Bhattacharya,South,Mysore,2023-03-25,Wholesale
CUST0811,Ravi Iyer,West,Pune,2023-07-14,Distributor
CUST0812,Arun Singh,East,Cuttack,2025-04-12,Retail
CUST0813,Deepak Yadav,East,Bhubaneswar,2024-10-29,Retail
CUST0814,Anita Chauhan,South,Vijayawada,2024-09-08,Retail
CUST0815,Rohit Deshmukh,North,Delhi,2023-12-25,Retail
CUST0816,Shreya Tiwari,East,Bhubaneswar,2024-05-31,Retail
CUST0817,Manoj Reddy,Northeast,Itanagar,2024-11-10,Retail
CUST0818,Vikas Bose,South,Bangalore,2023-08-16,Wholesale
CUST0819,Shreya Joshi,Central,Bilaspur,2023-04-15,Retail
CUST0820,Nisha Das,North,Delhi,2023-09-13,Distributor
CUST0821,Jyoti Kumar,West,Pune,2024-01-15,Wholesale
CUST0822,Kavita Rao,South,Coimbatore,2025-04-28,Wholesale
CUST0823,Rohit Naidu,Northeast,Itanagar,2024-06-27,Retail
CUST0824,Deepak Saxena,Central,Bhopal,2024-09-21,Wholesale
CUST0825,Shreya Agarwal,Central,Raipur,2024-05-13,Retail
CUST0826,Asha Kapoor,East,Patna,2025-02-16,Retail
CUST0827,Asha Ghosh,South,Vijayawada,2025-04-12,Retail
CUST0828,Divya Reddy,East,Patna,2024-05-17,Retail
CUST0829,Rohit Patel,West,Vadodara,2023-12-27,Retail
CUST0830,Deepak Iyer,Northeast,Kohima,2024-09-01,Wholesale
CUST0831,Lata Reddy,Central,Indore,2023-09-01,Retail
CUST0832,Lata Iyer,West,Mumbai,2024-10-03,Retail
CUST0833,Rekha Chatterjee,Northeast,Imphal,2024-02-24,Retail
CUST0834,Arun Deshmukh,West,Nashik,2024-04-08,Retail
CUST0835,Manoj Das,South,Mysore,2024-12-26,Wholesale
CUST0836,Anil Chatterjee,Northeast,Agartala,2023-07-23,Retail
CUST0837,Jyoti Ghosh,East,Bhubaneswar,2024-07-06,Wholesale
CUST0838,Manoj Naidu,Northeast,Kohima,2024-03-12,Retail
CUST0839,Rohit Khatri,Central,Bilaspur,2024-05-27,Wholesale
CUST0840,Rekha Deshmukh,East,Ranchi,2025-05-13,Wholesale
CUST0841,Manoj Deshmukh,South,Mysore,2024-10-01,Wholesale
CUST0842,Vikas Bhattacharya,South,Bangalore,2023-03-04,Wholesale
CUST0843,Manoj Chatterjee,West,Ahmedabad,2024-12-26,Wholesale
CUST0844,Rekha Tiwari,Central,Raipur,2024-06-02,Wholesale
CUST0845,Meena Kapoor,North,Noida,2025-02-12,Retail
CUST0846,Vijay Ghosh,East,Patna,2024-09-16,Retail
CUST0847,Vikas Reddy,East,Ranchi,2024-08-18,Distributor
CUST0848,Rajesh Agarwal,North,Gurgaon,2023-05-16,Retail
CUST0849,Suresh Menon,East,Cuttack,2024-10-03,Retail
CUST0850,Manoj Sharma,North,Chandigarh,2023-01-14,Retail
CUST0851,Lata Nair,South,Mysore,2024-11-18,Retail
CUST0852,Rajesh Gupta,East,Ranchi,2023-09-21,Retail
CUST0853,Rajesh Rao,West,Vadodara,2023-01-18,Retail
CUST0854,Shreya Khatri,South,Cochin,2025-05-26,Retail
CUST0855,Anita Bose,North,Gurgaon,2025-05-05,Wholesale
CUST0856,Shreya Bansal,East,Kolkata,2024-04-28,Retail
CUST0857,Neha Rao,North,Chandigarh,2024-05-08,Retail
CUST0858,Rohit Menon,North,Gurgaon,2023-11-16,Distributor
CUST0859,Nisha Kumar,West,Goa,2023-03-04,Wholesale
CUST0860,Ravi Reddy,Northeast,Kohima,2024-01-07,Wholesale
CUST0861,Rekha Singh,North,Delhi,2025-02-09,Distributor
CUST0862,Divya Patel,North,Amritsar,2023-09-14,Distributor
CUST0863,Suresh Pandey,South,Bangalore,2025-03-23,Wholesale
CUST0864,Rahul Saxena,South,Chennai,2023-01-21,Wholesale
CUST0865,Sanjay Thakur,West,Goa,2024-08-03,Wholesale
CUST0866,Lata Singh,South,Mysore,2024-06-14,Retail
CUST0867,Meena Deshmukh,North,Dehradun,2023-11-08,Wholesale
CUST0868,Sneha Kumar,Northeast,Kohima,2024-07-29,Retail
CUST0869,Asha Chauhan,East,Kolkata,2023-03-24,Distributor
CUST0870,Sunita Ghosh,Central,Bilaspur,2024-06-30,Retail
CUST0871,Sanjay Ghosh,North,Lucknow,2024-12-25,Retail
CUST0872,Anil Bansal,North,Dehradun,2023-11-18,Wholesale
CUST0873,Sneha Yadav,Northeast,Agartala,2023-08-02,Retail
CUST0874,Meena Mishra,South,Hyderabad,2023-07-30,Distributor
CUST0875,Deepak Tiwari,Northeast,Shillong,2024-11-22,Wholesale
CUST0876,Sanjay Chatterjee,East,Durgapur,2024-05-30,Wholesale
CUST0877,Arun Das,East,Cuttack,2023-06-13,Wholesale
CUST0878,Vijay Menon,North,Jaipur,2023-01-05,Retail
CUST0879,Divya Nair,Central,Bhopal,2023-03-23,Wholesale
CUST0880,Anita Verma,West,Goa,2023-05-15,Retail
CUST0881,Pooja Naidu,West,Goa,2025-03-17,Distributor
CUST0882,Arun Deshmukh,North,Noida,2024-03-11,Retail
CUST0883,Kavita Iyer,Northeast,Dimapur,2024-05-03,Wholesale
CUST0884,Nisha Khatri,East,Cuttack,2024-01-14,Retail
CUST0885,Priya Bansal,Central,Gwalior,2023-07-18,Retail
CUST0886,Sunita Sharma,West,Vadodara,2024-09-24,Retail
CUST0887,Rahul Patel,Central,Gwalior,2025-04-20,Retail
CUST0888,Meena Agarwal,Northeast,Gangtok,2024-04-01,Wholesale
CUST0889,Lata Rao,West,Pune,2023-02-01,Distributor
CUST0890,Amit Saxena,West,Surat,2023-02-21,Retail
CUST0891,Deepak Bose,Central,Raipur,2025-02-10,Distributor
CUST0892,Amit Saxena,West,Vadodara,2024-01-07,Retail
CUST0893,Sneha Tiwari,Northeast,Shillong,2023-12-07,Retail
CUST0894,Deepak Mishra,Central,Raipur,2023-12-20,Retail
CUST0895,Rajesh Bose,East,Patna,2025-04-02,Wholesale
CUST0896,Sanjay Thakur,South,Mysore,2025-05-05,Retail
CUST0897,Lata Bose,North,Amritsar,2025-02-12,Retail
CUST0898,Pooja Gupta,East,Patna,2023-01-19,Distributor
CUST0899,Rajesh Bose,East,Siliguri,2023-04-21,Retail
CUST0900,Vikas Ghosh,East,Cuttack,2025-02-07,Retail
CUST0901,Kavita Kumar,North,Amritsar,2024-11-26,Retail
CUST0902,Sneha Kapoor,North,Jaipur,2023-07-28,Wholesale
CUST0903,Meena Sharma,South,Vijayawada,2023-11-05,Distributor
CUST0904,Divya Joshi,West,Mumbai,2023-03-26,Wholesale
CUST0905,Rekha Thakur,North,Jaipur,2023-07-13,Wholesale
CUST0906,Rohit Yadav,Northeast,Aizawl,2023-03-31,Retail
CUST0907,Jyoti Khatri,East,Siliguri,2024-12-23,Wholesale
CUST0908,Anil Thakur,Northeast,Imphal,2025-01-06,Retail
CUST0909,Meena Singh,Central,Indore,2023-07-20,Wholesale
CUST0910,Sunita Kapoor,Central,Jabalpur,2024-01-12,Wholesale
CUST0911,Anil Patel,North,Delhi,2023-08-17,Wholesale
CUST0912,Sneha Verma,East,Bhubaneswar,2024-03-31,Wholesale
CUST0913,Asha Yadav,Northeast,Imphal,2025-05-19,Retail
CUST0914,Kiran Patel,Central,Nagpur,2023-10-30,Retail
CUST0915,Arun Verma,West,Mumbai,2023-02-26,Wholesale
CUST0916,Asha Verma,Northeast,Agartala,2024-06-19,Retail
CUST0917,Priya Bansal,Northeast,Aizawl,2023-07-23,Retail
CUST0918,Kavita Das,Central,Indore,2023-01-19,Retail
CUST0919,Sneha Gupta,East,Bhubaneswar,2024-04-23,Distributor
CUST0920,Kiran Deshmukh,East,Durgapur,2025-02-14,Wholesale
CUST0921,Sanjay Naidu,West,Ahmedabad,2024-09-27,Distributor
CUST0922,Lata Mishra,West,Surat,2023-05-11,Retail
CUST0923,Sunita Agarwal,North,Jaipur,2023-06-09,Retail
CUST0924,Jyoti Iyer,South,Madurai,2024-03-29,Retail
CUST0925,Priya Tiwari,South,Vijayawada,2023-01-17,Retail
CUST0926,Priya Verma,Central,Bilaspur,2023-02-25,Retail
CUST0927,Divya Deshmukh,North,Gurgaon,2025-04-06,Wholesale
CUST0928,Meena Kapoor,North,Chandigarh,2024-03-05,Wholesale
CUST0929,Sneha Reddy,West,Ahmedabad,2023-02-12,Wholesale
CUST0930,Lata Yadav,West,Goa,2023-10-07,Wholesale
CUST0931,Manoj Khatri,North,Noida,2023-02-07,Distributor
CUST0932,Neha Patel,South,Coimbatore,2024-10-20,Retail
CUST0933,Sneha Naidu,East,Kolkata,2024-12-29,Retail
CUST0934,Rohit Nair,North,Dehradun,2023-11-17,Wholesale
CUST0935,Anil Chatterjee,South,Coimbatore,2023-06-15,Wholesale
CUST0936,Manoj Chauhan,East,Siliguri,2024-12-31,Retail
CUST0937,Manoj Deshmukh,North,Gurgaon,2025-01-07,Retail
CUST0938,Neha Nair,South,Cochin,2025-03-14,Distributor
CUST0939,Deepak Kumar,North,Noida,2024-11-17,Retail
CUST0940,Sanjay Kapoor,Northeast,Gangtok,2023-10-12,Wholesale
CUST0941,Vikas Nair,East,Patna,2023-10-10,Retail
CUST0942,Divya Patel,Central,Bilaspur,2025-04-25,Retail
CUST0943,Sneha Reddy,East,Kolkata,2023-04-14,Wholesale
CUST0944,Ravi Naidu,East,Kolkata,2024-10-01,Wholesale
CUST0945,Ramesh Deshmukh,East,Siliguri,2023-02-19,Retail
CUST0946,Amit Sharma,East,Cuttack,2024-08-06,Retail
CUST0947,Pooja Ghosh,West,Surat,2025-03-13,Retail
CUST0948,Manoj Agarwal,East,Bhubaneswar,2023-01-03,Wholesale
CUST0949,Sneha Chatterjee,Northeast,Dimapur,2023-04-28,Wholesale
CUST0950,Jyoti Mishra,West,Goa,2025-03-25,Retail
CUST0951,Anil Iyer,North,Amritsar,2025-02-04,Retail
CUST0952,Ravi Agarwal,West,Nagpur,2024-01-28,Retail
CUST0953,Anita Kapoor,Central,Gwalior,2024-08-27,Wholesale
CUST0954,Vikas Rao,South,Bangalore,2024-11-03,Wholesale
CUST0955,Kavita Tiwari,West,Surat,2024-02-02,Distributor
CUST0956,Meena Khatri,Northeast,Gangtok,2023-08-18,Retail
CUST0957,Arun Patel,East,Durgapur,2023-03-15,Retail
CUST0958,Sanjay Tiwari,North,Amritsar,2024-06-22,Distributor
CUST0959,Arun Khatri,Central,Raipur,2023-01-13,Wholesale
CUST0960,Kavita Chatterjee,Central,Raipur,2025-03-13,Retail
CUST0961,Kavita Ghosh,Northeast,Gangtok,2025-04-24,Distributor
CUST0962,Kavita Agarwal,Central,Bilaspur,2024-12-12,Retail
CUST0963,Rohit Chatterjee,Central,Jabalpur,2023-01-01,Retail
CUST0964,Asha Patel,East,Guwahati,2024-10-27,Distributor
CUST0965,Shreya Verma,North,Amritsar,2023-07-22,Distributor
CUST0966,Ravi Patel,Northeast,Dimapur,2023-08-14,Retail
CUST0967,Lata Tiwari,West,Mumbai,2025-01-29,Retail
CUST0968,Ravi Singh,Central,Bhopal,2023-12-01,Retail
CUST0969,Priya Kapoor,Central,Bilaspur,2023-08-21,Wholesale
CUST0970,Shreya Sharma,West,Pune,2023-04-10,Retail
CUST0971,Manoj Nair,West,Goa,2023-03-11,Retail
CUST0972,Rohit Kumar,Central,Bhopal,2024-06-20,Retail
CUST0973,Divya Ghosh,South,Vijayawada,2025-05-20,Wholesale
CUST0974,Rekha Patel,East,Patna,2023-02-02,Retail
CUST0975,Arun Pandey,West,Vadodara,2023-03-22,Retail
CUST0976,Anita Kumar,Central,Jabalpur,2024-01-14,Wholesale
CUST0977,Nisha Iyer,East,Patna,2025-01-30,Wholesale
CUST0978,Kiran Sharma,Northeast,Gangtok,2023-09-03,Retail
CUST0979,Ramesh Bhattacharya,Central,Bilaspur,2024-07-14,Retail
CUST0980,Sneha Rao,Northeast,Shillong,2023-07-31,Retail
CUST0981,Rajesh Deshmukh,Central,Raipur,2024-01-16,Wholesale
CUST0982,Vikas Naidu,East,Patna,2023-01-04,Retail
CUST0983,Rohit Chatterjee,East,Patna,2023-08-21,Distributor
CUST0984,Lata Kumar,South,Bangalore,2023-06-11,Retail
CUST0985,Ravi Ghosh,East,Cuttack,2023-11-05,Wholesale
CUST0986,Amit Mishra,East,Kolkata,2025-02-12,Retail
CUST0987,Vijay Chauhan,North,Chandigarh,2025-05-20,Retail
CUST0988,Sunita Das,North,Amritsar,2024-05-05,Retail
CUST0989,Ravi Naidu,West,Pune,2025-02-04,Retail
CUST0990,Pooja Kumar,West,Goa,2025-02-21,Retail
CUST0991,Meena Gupta,West,Nashik,2025-02-14,Retail
CUST0992,Sneha Rao,East,Durgapur,2023-09-11,Retail
CUST0993,Sunita Ghosh,North,Lucknow,2023-11-10,Retail
CUST0994,Sneha Saxena,West,Ahmedabad,2024-09-10,Retail
CUST0995,Rohit Sharma,Central,Nagpur,2024-11-06,Retail
CUST0996,Rajesh Patel,North,Gurgaon,2023-10-27,Wholesale
CUST0997,Manoj Chauhan,East,Ranchi,2023-02-12,Retail
CUST0998,Ravi Kumar,North,Gurgaon,2025-04-15,Wholesale
CUST0999,Manoj Yadav,North,Amritsar,2024-06-15,Wholesale
CUST1000,Vikas Naidu,South,Vijayawada,2024-09-02,Retail
CUST1001,Sunita Kapoor,West,Vadodara,2024-03-07,Retail
CUST1002,Kiran Kapoor,East,Kolkata,2024-09-15,Wholesale
CUST1003,Anita Patel,North,Gurgaon,2023-02-03,Wholesale
CUST1004,Ravi Ghosh,South,Madurai,2024-12-02,Wholesale
CUST1005,Kavita Patel,North,Delhi,2024-10-10,Wholesale
CUST1006,Arun Iyer,West,Goa,2023-12-05,Wholesale
CUST1007,Sunita Agarwal,South,Madurai,2024-01-07,Retail
CUST1008,Vijay Verma,East,Ranchi,2023-02-07,Wholesale
CUST1009,Deepak Sharma,South,Vijayawada,2025-05-22,Retail
CUST1010,Vijay Patel,South,Madurai,2024-06-12,Retail
CUST1011,Lata Deshmukh,North,Gurgaon,2023-01-12,Retail
CUST1012,Jyoti Joshi,West,Surat,2025-05-08,Retail
CUST1013,Pooja Bansal,North,Delhi,2023-06-19,Retail
CUST1014,Rahul Menon,West,Ahmedabad,2025-05-17,Retail
CUST1015,Anil Menon,South,Mysore,2025-04-20,Retail
CUST1016,Sunita Saxena,West,Nashik,2023-01-30,Wholesale
CUST1017,Pooja Iyer,North,Lucknow,2024-08-18,Retail
CUST1018,Anita Khatri,Central,Jabalpur,2024-11-22,Retail
CUST1019,Suresh Rao,East,Patna,2024-06-16,Wholesale
CUST1020,Vijay Deshmukh,Central,Jabalpur,2024-02-05,Distributor
CUST1021,Vijay Menon,North,Amritsar,2023-12-31,Retail
CUST1022,Kiran Deshmukh,North,Chandigarh,2025-01-17,Wholesale
CUST1023,Ramesh Saxena,Northeast,Dimapur,2024-05-22,Wholesale
CUST1024,Neha Singh,North,Amritsar,2024-05-17,Retail
CUST1025,Sanjay Bhattacharya,South,Vijayawada,2023-04-06,Retail
CUST1026,Rekha Thakur,West,Nagpur,2025-02-09,Wholesale
CUST1027,Kavita Chatterjee,Northeast,Imphal,2024-04-25,Wholesale
CUST1028,Divya Ghosh,Central,Raipur,2024-07-28,Retail
CUST1029,Rahul Verma,Central,Ujjain,2024-02-15,Retail
CUST1030,Manoj Das,North,Dehradun,2023-12-02,Retail
CUST1031,Priya Iyer,East,Kolkata,2025-01-25,Retail
CUST1032,Lata Chatterjee,South,Coimbatore,2023-03-21,Retail
CUST1033,Arun Sharma,North,Jaipur,2023-04-15,Retail
CUST1034,Anita Saxena,South,Hyderabad,2023-10-28,Retail
CUST1035,Amit Kumar,North,Amritsar,2025-01-05,Retail
CUST1036,Vijay Sharma,South,Madurai,2023-09-09,Retail
CUST1037,Ravi Tiwari,South,Madurai,2024-01-12,Retail
CUST1038,Ramesh Tiwari,South,Cochin,2024-11-16,Wholesale
CUST1039,Shreya Bansal,South,Hyderabad,2025-04-01,Retail
CUST1040,Shreya Agarwal,Central,Jabalpur,2023-09-06,Wholesale
CUST1041,Sneha Tiwari,Northeast,Shillong,2024-06-15,Retail
CUST1042,Manoj Chauhan,South,Mysore,2023-09-07,Wholesale
CUST1043,Ravi Iyer,South,Chennai,2023-09-15,Retail
CUST1044,Rohit Khatri,South,Coimbatore,2024-11-27,Wholesale
CUST1045,Vijay Nair,North,Chandigarh,2025-02-17,Retail
CUST1046,Sneha Deshmukh,West,Nashik,2025-04-07,Retail
CUST1047,Sanjay Khatri,Central,Bilaspur,2023-01-02,Retail
CUST1048,Divya Yadav,East,Durgapur,2025-02-14,Retail
CUST1049,Sneha Deshmukh,Central,Indore,2023-04-09,Wholesale
CUST1050,Divya Deshmukh,South,Cochin,2024-12-25,Retail
CUST1051,Priya Kumar,East,Patna,2023-03-14,Wholesale
CUST1052,Rohit Iyer,Northeast,Shillong,2025-03-17,Retail
CUST1053,Sneha Patel,West,Nashik,2023-11-19,Retail
CUST1054,Manoj Patel,West,Ahmedabad,2024-12-02,Wholesale
CUST1055,Manoj Chauhan,West,Goa,2024-11-24,Retail
CUST1056,Suresh Naidu,East,Bhubaneswar,2024-01-03,Retail
CUST1057,Jyoti Pandey,West,Mumbai,2023-06-19,Wholesale
CUST1058,Rekha Iyer,Central,Jabalpur,2024-04-10,Retail
CUST1059,Shreya Khatri,East,Guwahati,2025-04-01,Wholesale
CUST1060,Nisha Mishra,South,Chennai,2024-11-04,Retail
CUST1061,Jyoti Deshmukh,South,Madurai,2023-11-04,Retail
CUST1062,Divya Kapoor,North,Dehradun,2023-12-09,Retail
CUST1063,Rajesh Yadav,Central,Gwalior,2024-06-19,Wholesale
CUST1064,Sanjay Chatterjee,East,Cuttack,2025-05-18,Retail
CUST1065,Sneha Deshmukh,Central,Bilaspur,2024-08-14,Retail
CUST1066,Rahul Rao,East,Patna,2023-09-16,Wholesale
CUST1067,Vikas Chauhan,Northeast,Shillong,2024-06-19,Wholesale
CUST1068,Rohit Thakur,North,Amritsar,2023-08-09,Retail
CUST1069,Amit Naidu,Northeast,Kohima,2024-06-26,Wholesale
CUST1070,Kavita Gupta,Central,Indore,2023-01-30,Retail
CUST1071,Priya Bansal,South,Bangalore,2025-04-12,Retail
CUST1072,Ramesh Bose,Northeast,Dimapur,2025-04-09,Retail
CUST1073,Sneha Das,East,Ranchi,2024-09-21,Wholesale
CUST1074,Priya Gupta,Central,Ujjain,2025-03-07,Retail
CUST1075,Meena Joshi,Central,Ujjain,2023-10-03,Retail
CUST1076,Shreya Sharma,West,Surat,2024-03-19,Retail
CUST1077,Meena Khatri,Central,Ujjain,2025-05-29,Distributor
CUST1078,Jyoti Chatterjee,Northeast,Shillong,2023-12-30,Wholesale
CUST1079,Deepak Kapoor,East,Durgapur,2023-08-27,Retail
CUST1080,Asha Mishra,Central,Raipur,2024-05-21,Distributor
CUST1081,Priya Nair,Central,Bilaspur,2023-07-07,Wholesale
CUST1082,Shreya Bose,West,Nagpur,2024-11-26,Wholesale
CUST1083,Divya Naidu,Northeast,Kohima,2024-03-02,Retail
CUST1084,Lata Joshi,South,Coimbatore,2023-10-27,Retail
CUST1085,Shreya Khatri,East,Patna,2023-12-22,Retail
CUST1086,Arun Ghosh,Northeast,Itanagar,2023-06-30,Retail
CUST1087,Rahul Tiwari,North,Amritsar,2024-01-30,Retail
CUST1088,Pooja Thakur,South,Vijayawada,2023-08-17,Wholesale
CUST1089,Rekha Bansal,Central,Bhopal,2023-01-16,Retail
CUST1090,Pooja Rao,North,Amritsar,2023-10-27,Wholesale
CUST1091,Vikas Chatterjee,West,Goa,2024-05-29,Retail
CUST1092,Rajesh Gupta,West,Ahmedabad,2023-02-13,Wholesale
CUST1093,Arun Iyer,Northeast,Gangtok,2024-04-05,Wholesale
CUST1094,Pooja Bansal,Northeast,Kohima,2024-09-28,Retail
CUST1095,Suresh Verma,Northeast,Shillong,2024-03-17,Distributor
CUST1096,Jyoti Yadav,South,Madurai,2023-03-01,Wholesale
CUST1097,Asha Saxena,Central,Gwalior,2024-10-09,Retail
CUST1098,Vikas Agarwal,South,Bangalore,2023-01-31,Wholesale
CUST1099,Divya Menon,Northeast,Agartala,2025-04-17,Wholesale
CUST1100,Rohit Bansal,East,Ranchi,2024-01-09,Retail
CUST1101,Pooja Saxena,Central,Gwalior,2023-06-03,Retail
CUST1102,Ramesh Bose,Central,Raipur,2024-01-16,Wholesale
CUST1103,Pooja Chatterjee,South,Mysore,2023-02-18,Wholesale
CUST1104,Lata Bhattacharya,South,Cochin,2024-05-07,Retail
CUST1105,Meena Bansal,Northeast,Aizawl,2023-11-17,Retail
CUST1106,Vikas Thakur,South,Vijayawada,2023-09-23,Wholesale
CUST1107,Rahul Bhattacharya,South,Bangalore,2024-03-02,Retail
CUST1108,Nisha Joshi,Central,Jabalpur,2023-03-25,Wholesale
CUST1109,Manoj Singh,South,Coimbatore,2024-02-10,Wholesale
CUST1110,Arun Bhattacharya,Northeast,Agartala,2024-08-19,Wholesale
CUST1111,Rahul Tiwari,South,Bangalore,2024-06-11,Wholesale
CUST1112,Jyoti Chauhan,South,Hyderabad,2023-11-29,Retail
CUST1113,Amit Tiwari,Northeast,Gangtok,2023-05-15,Wholesale
CUST1114,Sunita Mishra,North,Noida,2024-11-28,Distributor
CUST1115,Pooja Iyer,West,Nashik,2024-08-19,Retail
CUST1116,Rohit Bansal,South,Hyderabad,2025-01-27,Wholesale
CUST1117,Sanjay Agarwal,Northeast,Dimapur,2024-04-01,Distributor
CUST1118,Sunita Verma,West,Vadodara,2023-12-10,Wholesale
CUST1119,Rajesh Reddy,Northeast,Agartala,2024-09-29,Retail
CUST1120,Priya Chatterjee,West,Surat,2023-02-20,Retail
CUST1121,Priya Gupta,West,Mumbai,2025-02-15,Retail
CUST1122,Kavita Nair,East,Ranchi,2023-07-12,Retail
CUST1123,Neha Das,East,Guwahati,2023-03-27,Retail
CUST1124,Ramesh Thakur,North,Noida,2025-04-08,Distributor
CUST1125,Meena Verma,Northeast,Agartala,2024-01-16,Retail
CUST1126,Anita Chauhan,North,Jaipur,2024-09-22,Wholesale
CUST1127,Anita Iyer,North,Jaipur,2023-08-10,Retail
CUST1128,Ravi Menon,Northeast,Itanagar,2023-12-29,Retail
CUST1129,Manoj Reddy,North,Gurgaon,2024-01-19,Retail
CUST1130,Divya Naidu,North,Jaipur,2025-01-17,Retail
CUST1131,Arun Chatterjee,East,Kolkata,2023-07-31,Wholesale
CUST1132,Nisha Singh,Central,Jabalpur,2024-06-03,Retail
CUST1133,Ravi Mishra,Northeast,Aizawl,2025-04-14,Distributor
CUST1134,Ramesh Naidu,Central,Bhopal,2024-11-09,Retail
CUST1135,Manoj Das,East,Bhubaneswar,2023-03-03,Retail
CUST1136,Sunita Gupta,Central,Raipur,2025-02-27,Retail
CUST1137,Divya Kapoor,South,Chennai,2025-02-21,Retail
CUST1138,Asha Nair,West,Mumbai,2023-09-29,Wholesale
CUST1139,Rajesh Sharma,East,Cuttack,2023-06-16,Wholesale
CUST1140,Rekha Reddy,South,Cochin,2023-01-17,Retail
CUST1141,Divya Yadav,North,Chandigarh,2023-05-12,Distributor
CUST1142,Sneha Patel,South,Coimbatore,2024-07-13,Retail
CUST1143,Vijay Agarwal,South,Cochin,2023-03-21,Retail
CUST1144,Rohit Menon,South,Coimbatore,2023-04-02,Retail
CUST1145,Rajesh Deshmukh,South,Chennai,2024-05-05,Retail
CUST1146,Vijay Pandey,East,Guwahati,2023-07-17,Wholesale
CUST1147,Priya Bansal,East,Patna,2025-03-11,Retail
CUST1148,Vijay Joshi,East,Durgapur,2024-05-07,Wholesale
CUST1149,Vijay Bansal,East,Kolkata,2024-07-22,Retail
CUST1150,Arun Gupta,Central,Raipur,2023-12-11,Retail
CUST1151,Anil Yadav,West,Nashik,2023-02-05,Retail
CUST1152,Sanjay Kumar,Central,Raipur,2025-03-12,Wholesale
CUST1153,Kavita Ghosh,East,Siliguri,2024-08-24,Retail
CUST1154,Shreya Reddy,South,Bangalore,2023-10-12,Retail
CUST1155,Anil Gupta,South,Chennai,2023-10-19,Distributor
CUST1156,Lata Rao,South,Mysore,2025-05-17,Wholesale
CUST1157,Neha Das,West,Mumbai,2023-06-15,Wholesale
CUST1158,Suresh Khatri,West,Mumbai,2024-01-14,Wholesale
CUST1159,Amit Chatterjee,Central,Ujjain,2024-01-23,Distributor
CUST1160,Rekha Naidu,East,Cuttack,2023-11-01,Retail
CUST1161,Shreya Das,West,Nagpur,2024-01-19,Retail
CUST1162,Neha Gupta,East,Kolkata,2023-07-13,Wholesale
CUST1163,Sneha Agarwal,North,Noida,2023-10-11,Retail
CUST1164,Rajesh Deshmukh,South,Madurai,2023-09-30,Wholesale
CUST1165,Rajesh Chatterjee,South,Coimbatore,2024-08-12,Wholesale
CUST1166,Vijay Deshmukh,South,Bangalore,2023-11-13,Retail
CUST1167,Sneha Khatri,South,Bangalore,2024-03-25,Retail
CUST1168,Amit Khatri,Northeast,Kohima,2024-03-23,Retail
CUST1169,Neha Thakur,East,Ranchi,2024-06-22,Retail
CUST1170,Anil Verma,North,Noida,2023-09-07,Wholesale
CUST1171,Rahul Verma,North,Delhi,2023-07-02,Retail
CUST1172,Nisha Tiwari,West,Nashik,2025-05-01,Wholesale
CUST1173,Jyoti Das,West,Nagpur,2025-04-03,Wholesale
CUST1174,Asha Khatri,West,Nashik,2024-09-13,Retail
CUST1175,Ramesh Saxena,Northeast,Imphal,2025-02-01,Wholesale
CUST1176,Kavita Das,Central,Bilaspur,2025-01-20,Retail
CUST1177,Ramesh Reddy,West,Surat,2024-06-23,Retail
CUST1178,Neha Thakur,Northeast,Shillong,2024-04-23,Retail
CUST1179,Rekha Singh,South,Bangalore,2024-05-12,Retail
CUST1180,Asha Thakur,Central,Bilaspur,2025-04-11,Retail
CUST1181,Lata Patel,North,Gurgaon,2023-08-03,Retail
CUST1182,Priya Pandey,West,Ahmedabad,2024-08-10,Retail
CUST1183,Amit Bose,South,Mysore,2023-02-20,Retail
CUST1184,Lata Chauhan,Central,Nagpur,2025-01-29,Wholesale
CUST1185,Vikas Nair,North,Gurgaon,2024-06-06,Retail
CUST1186,Kiran Singh,South,Cochin,2023-01-07,Retail
CUST1187,Amit Verma,Central,Raipur,2024-07-31,Retail
CUST1188,Anita Reddy,Northeast,Dimapur,2024-05-21,Wholesale
CUST1189,Ramesh Gupta,Central,Bilaspur,2025-04-23,Retail
CUST1190,Arun Sharma,Central,Nagpur,2023-08-22,Retail
CUST1191,Kavita Reddy,South,Coimbatore,2025-01-09,Retail
CUST1192,Vikas Joshi,South,Madurai,2023-12-20,Retail
CUST1193,Deepak Rao,Northeast,Aizawl,2023-04-25,Wholesale
CUST1194,Suresh Gupta,North,Jaipur,2025-03-31,Retail
CUST1195,Rekha Khatri,Central,Indore,2023-03-08,Retail
CUST1196,Rahul Chatterjee,North,Amritsar,2024-12-26,Wholesale
CUST1197,Asha Nair,South,Cochin,2024-04-21,Retail
CUST1198,Meena Nair,North,Dehradun,2023-09-20,Retail
CUST1199,Ravi Deshmukh,North,Dehradun,2024-08-21,Distributor
CUST1200,Sneha Thakur,South,Cochin,2023-07-08,Distributor
CUST1201,Manoj Patel,Central,Ujjain,2025-01-23,Wholesale
CUST1202,Rahul Pandey,East,Patna,2023-03-16,Distributor
CUST1203,Sanjay Saxena,South,Hyderabad,2024-10-05,Retail
CUST1204,Jyoti Singh,East,Ranchi,2024-10-01,Wholesale
CUST1205,Rahul Yadav,West,Vadodara,2025-02-27,Wholesale
CUST1206,Anil Rao,North,Dehradun,2024-02-06,Retail
CUST1207,Sunita Bansal,West,Goa,2023-08-16,Wholesale
CUST1208,Meena Joshi,West,Goa,2023-07-21,Wholesale
CUST1209,Divya Chatterjee,Northeast,Gangtok,2023-02-14,Wholesale
CUST1210,Divya Deshmukh,West,Vadodara,2024-12-12,Retail
CUST1211,Jyoti Kumar,South,Hyderabad,2024-10-30,Wholesale
CUST1212,Deepak Mishra,Central,Bilaspur,2023-02-27,Wholesale
CUST1213,Arun Bose,Central,Jabalpur,2024-09-01,Retail
CUST1214,Nisha Das,South,Cochin,2023-06-08,Retail
CUST1215,Meena Singh,East,Siliguri,2024-08-03,Retail
CUST1216,Sneha Joshi,Central,Indore,2023-12-11,Retail
CUST1217,Rohit Patel,Northeast,Itanagar,2023-09-19,Wholesale
CUST1218,Amit Saxena,Central,Ujjain,2024-02-29,Retail
CUST1219,Suresh Agarwal,East,Kolkata,2023-09-11,Retail
CUST1220,Arun Reddy,Northeast,Gangtok,2025-02-20,Retail
CUST1221,Kiran Das,Central,Indore,2024-02-09,Retail
CUST1222,Anita Verma,Central,Jabalpur,2023-11-29,Retail
CUST1223,Amit Das,East,Bhubaneswar,2024-12-26,Retail
CUST1224,Meena Thakur,Central,Bilaspur,2024-10-29,Retail
CUST1225,Sanjay Singh,Central,Raipur,2024-06-09,Wholesale
CUST1226,Vijay Pandey,West,Nashik,2023-09-16,Retail
CUST1227,Amit Thakur,South,Madurai,2024-06-16,Wholesale
CUST1228,Amit Kapoor,South,Bangalore,2023-10-13,Wholesale
CUST1229,Nisha Agarwal,Central,Jabalpur,2023-11-09,Retail
CUST1230,Sneha Pandey,Northeast,Kohima,2025-05-19,Wholesale
CUST1231,Arun Nair,North,Dehradun,2024-10-08,Retail
CUST1232,Vijay Yadav,West,Surat,2025-05-24,Retail
CUST1233,Lata Chatterjee,North,Delhi,2023-11-30,Retail
CUST1234,Shreya Ghosh,Central,Bhopal,2023-10-17,Wholesale
CUST1235,Vijay Kapoor,West,Pune,2024-11-13,Wholesale
CUST1236,Nisha Tiwari,Northeast,Aizawl,2023-04-18,Distributor
CUST1237,Divya Tiwari,North,Noida,2023-12-17,Retail
CUST1238,Divya Naidu,Central,Bhopal,2023-05-04,Retail
CUST1239,Suresh Patel,East,Kolkata,2023-06-17,Retail
CUST1240,Anil Bansal,Central,Nagpur,2024-09-02,Retail
CUST1241,Kavita Bansal,Central,Indore,2024-10-05,Retail
CUST1242,Kavita Sharma,Central,Gwalior,2023-08-02,Wholesale
CUST1243,Manoj Chauhan,Northeast,Dimapur,2025-05-14,Retail
CUST1244,Kiran Menon,Central,Gwalior,2024-03-12,Retail
CUST1245,Suresh Ghosh,Central,Raipur,2025-04-28,Retail
CUST1246,Anita Nair,East,Guwahati,2023-05-17,Distributor
CUST1247,Suresh Bose,North,Dehradun,2025-02-16,Wholesale
CUST1248,Sneha Menon,Central,Bhopal,2024-09-21,Retail
CUST1249,Asha Rao,East,Ranchi,2023-02-04,Wholesale
CUST1250,Vijay Bansal,Central,Raipur,2024-08-20,Retail
CUST1251,Kavita Chauhan,East,Siliguri,2025-03-09,Wholesale
CUST1252,Ramesh Agarwal,East,Kolkata,2023-10-30,Distributor
CUST1253,Rahul Mishra,Northeast,Kohima,2023-06-19,Wholesale
CUST1254,Sanjay Bose,Northeast,Itanagar,2025-01-17,Distributor
CUST1255,Rohit Bhattacharya,Central,Nagpur,2023-08-23,Retail
CUST1256,Rajesh Kumar,North,Jaipur,2023-01-31,Retail
CUST1257,Deepak Verma,West,Goa,2025-01-01,Retail
CUST1258,Sanjay Nair,West,Surat,2025-01-20,Retail
CUST1259,Kiran Mishra,Northeast,Agartala,2024-09-10,Retail
CUST1260,Anita Kumar,South,Mysore,2024-02-23,Retail
CUST1261,Asha Deshmukh,East,Durgapur,2025-01-31,Distributor
CUST1262,Sneha Pandey,Central,Jabalpur,2023-09-04,Retail
CUST1263,Vijay Thakur,Northeast,Kohima,2024-05-05,Wholesale
CUST1264,Anil Saxena,North,Lucknow,2024-01-21,Distributor
CUST1265,Asha Iyer,West,Nagpur,2025-05-11,Retail
CUST1266,Rohit Joshi,West,Nashik,2024-11-12,Retail
CUST1267,Arun Agarwal,South,Bangalore,2023-02-26,Wholesale
CUST1268,Rajesh Patel,West,Ahmedabad,2023-02-25,Retail
CUST1269,Shreya Verma,Central,Ujjain,2023-01-17,Retail
CUST1270,Sunita Sharma,West,Goa,2023-08-27,Wholesale
CUST1271,Kiran Agarwal,South,Mysore,2023-11-27,Retail
CUST1272,Suresh Thakur,South,Madurai,2024-04-29,Retail
CUST1273,Divya Bansal,South,Madurai,2024-07-12,Wholesale
CUST1274,Lata Kumar,West,Vadodara,2025-05-30,Wholesale
CUST1275,Meena Bansal,Northeast,Agartala,2024-01-15,Retail
CUST1276,Anita Tiwari,East,Kolkata,2023-03-14,Retail
CUST1277,Suresh Mishra,East,Guwahati,2024-11-06,Wholesale
CUST1278,Neha Thakur,Northeast,Shillong,2023-10-16,Wholesale
CUST1279,Kavita Verma,South,Coimbatore,2024-07-09,Retail
CUST1280,Rahul Mishra,West,Goa,2025-02-26,Retail
CUST1281,Rajesh Tiwari,Central,Nagpur,2024-03-15,Wholesale
CUST1282,Rekha Patel,Central,Nagpur,2024-01-17,Retail
CUST1283,Suresh Kapoor,East,Durgapur,2024-08-11,Retail
CUST1284,Neha Deshmukh,West,Nashik,2025-03-03,Wholesale
CUST1285,Priya Agarwal,West,Goa,2024-11-01,Retail
CUST1286,Jyoti Joshi,South,Coimbatore,2024-08-24,Retail
CUST1287,Amit Bose,South,Chennai,2024-11-21,Wholesale
CUST1288,Anil Bose,West,Nagpur,2023-11-24,Retail
CUST1289,Kavita Tiwari,Northeast,Agartala,2024-02-26,Retail
CUST1290,Jyoti Joshi,South,Cochin,2024-11-19,Wholesale
CUST1291,Amit Yadav,Northeast,Shillong,2024-07-31,Wholesale
CUST1292,Divya Patel,South,Bangalore,2023-01-14,Retail
CUST1293,Manoj Menon,North,Chandigarh,2024-07-25,Wholesale
CUST1294,Asha Nair,Central,Bhopal,2023-03-01,Wholesale
CUST1295,Kiran Ghosh,South,Madurai,2025-03-15,Retail
CUST1296,Amit Patel,Northeast,Itanagar,2024-11-17,Distributor
CUST1297,Lata Khatri,Central,Nagpur,2024-06-23,Distributor
CUST1298,Neha Nair,North,Noida,2024-10-21,Retail
CUST1299,Amit Saxena,East,Patna,2023-11-17,Retail
CUST1300,Neha Sharma,South,Bangalore,2024-09-15,Retail
CUST1301,Suresh Singh,North,Gurgaon,2025-05-12,Wholesale
CUST1302,Rahul Das,South,Coimbatore,2024-11-23,Distributor
CUST1303,Arun Deshmukh,Northeast,Aizawl,2024-10-25,Retail
CUST1304,Neha Chauhan,North,Jaipur,2023-12-02,Retail
CUST1305,Arun Thakur,North,Dehradun,2025-03-08,Retail
CUST1306,Deepak Menon,East,Siliguri,2024-12-14,Retail
CUST1307,Deepak Bose,North,Chandigarh,2023-10-04,Retail
CUST1308,Neha Bansal,West,Ahmedabad,2023-12-09,Retail
CUST1309,Deepak Naidu,Central,Bilaspur,2024-08-17,Retail
CUST1310,Pooja Reddy,Northeast,Shillong,2023-09-22,Retail
CUST1311,Priya Saxena,North,Gurgaon,2023-11-24,Wholesale
CUST1312,Shreya Menon,South,Hyderabad,2024-07-19,Retail
CUST1313,Priya Deshmukh,Central,Bhopal,2025-01-19,Retail
CUST1314,Suresh Verma,North,Dehradun,2023-07-24,Retail
CUST1315,Rahul Verma,East,Siliguri,2024-08-15,Wholesale
CUST1316,Suresh Rao,West,Pune,2024-02-07,Wholesale
CUST1317,Anil Bansal,Central,Ujjain,2023-02-08,Distributor
CUST1318,Priya Menon,Northeast,Gangtok,2024-04-07,Retail
CUST1319,Divya Deshmukh,South,Madurai,2024-06-16,Retail
CUST1320,Ramesh Patel,North,Gurgaon,2023-06-17,Retail
CUST1321,Deepak Das,East,Durgapur,2025-04-11,Retail
CUST1322,Neha Sharma,South,Coimbatore,2023-08-13,Retail
CUST1323,Anita Chatterjee,Northeast,Aizawl,2025-04-21,Retail
CUST1324,Rohit Pandey,North,Jaipur,2024-09-17,Retail
CUST1325,Vikas Ghosh,East,Bhubaneswar,2025-01-19,Retail
CUST1326,Rohit Mishra,Northeast,Gangtok,2024-10-13,Retail
CUST1327,Ramesh Iyer,Northeast,Gangtok,2023-10-21,Retail
CUST1328,Ravi Bhattacharya,Central,Indore,2024-06-08,Retail
CUST1329,Kavita Patel,West,Surat,2023-09-05,Retail
CUST1330,Pooja Mishra,Northeast,Kohima,2025-05-28,Wholesale
CUST1331,Nisha Thakur,East,Kolkata,2025-01-25,Wholesale
CUST1332,Priya Saxena,East,Durgapur,2025-04-10,Retail
CUST1333,Rahul Gupta,Northeast,Itanagar,2025-04-25,Retail
CUST1334,Kavita Iyer,Central,Bilaspur,2023-07-27,Wholesale
CUST1335,Rekha Chauhan,Northeast,Shillong,2023-03-17,Wholesale
CUST1336,Kiran Patel,North,Amritsar,2024-06-19,Distributor
CUST1337,Suresh Khatri,Central,Nagpur,2024-03-11,Retail
CUST1338,Anil Ghosh,East,Siliguri,2024-11-15,Distributor
CUST1339,Suresh Verma,North,Chandigarh,2024-05-16,Retail
CUST1340,Lata Chatterjee,East,Durgapur,2023-05-04,Distributor
CUST1341,Suresh Bhattacharya,South,Hyderabad,2023-06-29,Retail
CUST1342,Kavita Ghosh,West,Surat,2023-10-01,Retail
CUST1343,Rahul Deshmukh,West,Mumbai,2023-03-11,Retail
CUST1344,Lata Khatri,East,Durgapur,2023-05-05,Wholesale
CUST1345,Rahul Khatri,West,Vadodara,2023-10-26,Retail
CUST1346,Ramesh Verma,East,Siliguri,2024-08-02,Retail
CUST1347,Ramesh Chatterjee,Central,Raipur,2024-10-24,Distributor
CUST1348,Sanjay Mishra,Northeast,Itanagar,2023-08-19,Retail
CUST1349,Rekha Chatterjee,South,Hyderabad,2024-10-13,Retail
CUST1350,Rohit Joshi,North,Dehradun,2024-03-29,Retail
CUST1351,Pooja Verma,Northeast,Aizawl,2025-04-30,Distributor
CUST1352,Rohit Bhattacharya,Northeast,Shillong,2025-02-14,Retail
CUST1353,Lata Chauhan,East,Cuttack,2024-01-29,Wholesale
CUST1354,Anita Bhattacharya,South,Coimbatore,2024-05-19,Distributor
CUST1355,Manoj Nair,South,Cochin,2024-11-03,Retail
CUST1356,Kiran Kapoor,Northeast,Itanagar,2024-01-17,Wholesale
CUST1357,Asha Tiwari,North,Jaipur,2023-02-16,Retail
CUST1358,Deepak Bansal,Central,Bilaspur,2023-10-23,Retail
CUST1359,Ravi Bansal,South,Mysore,2023-04-04,Wholesale
CUST1360,Arun Joshi,North,Gurgaon,2025-05-01,Retail
CUST1361,Neha Bansal,South,Coimbatore,2023-02-05,Distributor
CUST1362,Nisha Mishra,Central,Raipur,2023-06-21,Distributor
CUST1363,Manoj Reddy,Northeast,Shillong,2024-07-05,Retail
CUST1364,Lata Patel,West,Surat,2024-06-13,Wholesale
CUST1365,Kavita Nair,North,Chandigarh,2024-10-31,Retail
CUST1366,Kiran Gupta,East,Durgapur,2025-02-16,Wholesale
CUST1367,Rohit Bansal,East,Cuttack,2025-03-19,Wholesale
CUST1368,Amit Verma,North,Jaipur,2023-03-16,Retail
CUST1369,Priya Das,South,Madurai,2023-06-12,Wholesale
CUST1370,Priya Deshmukh,North,Lucknow,2024-06-28,Retail
CUST1371,Deepak Deshmukh,West,Nashik,2023-09-27,Distributor
CUST1372,Arun Nair,Northeast,Shillong,2024-06-10,Retail
CUST1373,Asha Menon,Central,Gwalior,2024-01-19,Retail
CUST1374,Meena Iyer,West,Pune,2023-11-21,Distributor
CUST1375,Divya Tiwari,Northeast,Shillong,2023-06-12,Distributor
CUST1376,Sunita Ghosh,East,Patna,2025-05-30,Retail
CUST1377,Rekha Nair,Central,Raipur,2023-10-04,Distributor
CUST1378,Arun Saxena,North,Lucknow,2023-02-11,Retail
CUST1379,Sunita Rao,South,Cochin,2023-05-12,Retail
CUST1380,Amit Joshi,Northeast,Dimapur,2024-08-28,Retail
CUST1381,Ramesh Ghosh,East,Durgapur,2023-07-18,Wholesale
CUST1382,Rajesh Saxena,North,Lucknow,2023-05-20,Distributor
CUST1383,Arun Bansal,Central,Raipur,2023-04-15,Retail
CUST1384,Divya Bhattacharya,West,Nashik,2023-04-05,Retail
CUST1385,Kavita Thakur,East,Kolkata,2023-07-24,Retail
CUST1386,Rohit Iyer,West,Nagpur,2024-05-26,Wholesale
CUST1387,Divya Bansal,South,Chennai,2024-01-20,Retail
CUST1388,Sanjay Nair,West,Mumbai,2023-08-27,Retail
CUST1389,Rahul Ghosh,North,Dehradun,2025-03-10,Retail
CUST1390,Arun Yadav,East,Ranchi,2023-05-31,Retail
CUST1391,Kiran Patel,North,Amritsar,2024-06-02,Wholesale
CUST1392,Manoj Chatterjee,Northeast,Imphal,2024-03-14,Retail
CUST1393,Amit Bansal,North,Gurgaon,2023-12-23,Retail
CUST1394,Vikas Kumar,North,Chandigarh,2024-11-19,Wholesale
CUST1395,Sneha Agarwal,South,Cochin,2023-06-24,Wholesale
CUST1396,Priya Ghosh,North,Chandigarh,2023-05-28,Retail
CUST1397,Rekha Mishra,Central,Jabalpur,2025-04-15,Wholesale
CUST1398,Anil Thakur,South,Mysore,2023-02-14,Retail
CUST1399,Vikas Joshi,South,Bangalore,2023-10-16,Retail
CUST1400,Neha Bhattacharya,North,Dehradun,2024-03-08,Wholesale
CUST1401,Arun Das,South,Coimbatore,2024-06-08,Retail
CUST1402,Priya Tiwari,East,Siliguri,2023-09-22,Retail
CUST1403,Lata Khatri,South,Coimbatore,2024-02-22,Wholesale
CUST1404,Ramesh Pandey,South,Cochin,2025-04-11,Distributor
CUST1405,Divya Singh,Northeast,Imphal,2024-06-26,Wholesale
CUST1406,Vijay Deshmukh,East,Kolkata,2024-03-08,Retail
CUST1407,Nisha Rao,North,Gurgaon,2023-12-14,Retail
CUST1408,Amit Bose,West,Ahmedabad,2023-02-26,Wholesale
CUST1409,Anil Deshmukh,Northeast,Itanagar,2025-02-08,Retail
CUST1410,Kiran Gupta,Central,Ujjain,2023-12-31,Wholesale
CUST1411,Anita Ghosh,Central,Jabalpur,2024-06-18,Distributor
CUST1412,Pooja Pandey,West,Mumbai,2024-02-14,Retail
CUST1413,Asha Thakur,North,Jaipur,2023-09-26,Retail
CUST1414,Arun Naidu,Central,Ujjain,2024-10-27,Retail
CUST1415,Shreya Bhattacharya,Central,Gwalior,2023-12-15,Retail
CUST1416,Shreya Mishra,North,Dehradun,2024-01-25,Wholesale
CUST1417,Anil Bansal,Central,Ujjain,2025-05-20,Retail
CUST1418,Deepak Khatri,South,Madurai,2024-11-20,Distributor
CUST1419,Manoj Rao,East,Durgapur,2023-02-21,Retail
CUST1420,Anita Reddy,South,Chennai,2024-10-16,Retail
CUST1421,Kavita Tiwari,South,Bangalore,2023-06-25,Wholesale
CUST1422,Ramesh Chatterjee,North,Lucknow,2024-04-06,Retail
CUST1423,Kiran Ghosh,South,Madurai,2025-01-06,Retail
CUST1424,Neha Sharma,North,Delhi,2023-09-10,Retail
CUST1425,Kavita Kapoor,North,Amritsar,2024-07-12,Retail
CUST1426,Arun Naidu,South,Mysore,2024-01-09,Retail
CUST1427,Manoj Bhattacharya,East,Durgapur,2024-01-10,Retail
CUST1428,Anita Thakur,North,Delhi,2024-12-03,Wholesale
CUST1429,Meena Reddy,North,Gurgaon,2023-05-14,Wholesale
CUST1430,Amit Reddy,East,Guwahati,2024-09-19,Retail
CUST1431,Amit Singh,East,Cuttack,2024-10-02,Retail
CUST1432,Arun Kapoor,Central,Nagpur,2025-02-01,Wholesale
CUST1433,Amit Tiwari,Central,Bilaspur,2024-01-17,Retail
CUST1434,Vijay Joshi,West,Mumbai,2023-07-22,Wholesale
CUST1435,Ramesh Kumar,Northeast,Kohima,2023-12-10,Retail
CUST1436,Shreya Nair,East,Durgapur,2023-06-11,Retail
CUST1437,Rekha Joshi,North,Noida,2024-03-15,Wholesale
CUST1438,Priya Reddy,North,Noida,2024-11-15,Wholesale
CUST1439,Shreya Gupta,North,Noida,2024-03-09,Retail
CUST1440,Anil Bose,West,Goa,2024-09-29,Wholesale
CUST1441,Neha Das,East,Durgapur,2024-06-27,Wholesale
CUST1442,Sunita Reddy,North,Dehradun,2024-04-19,Wholesale
CUST1443,Sunita Bhattacharya,Central,Gwalior,2025-05-02,Retail
CUST1444,Shreya Mishra,West,Pune,2023-12-24,Wholesale
CUST1445,Nisha Kumar,Central,Jabalpur,2025-01-04,Retail
CUST1446,Nisha Iyer,East,Cuttack,2024-10-16,Wholesale
CUST1447,Ramesh Chauhan,East,Ranchi,2025-02-18,Retail
CUST1448,Vikas Reddy,South,Coimbatore,2023-10-21,Retail
CUST1449,Anita Verma,West,Vadodara,2025-04-20,Retail
CUST1450,Priya Gupta,Central,Indore,2025-01-07,Wholesale
CUST1451,Vijay Kapoor,West,Surat,2025-01-30,Retail
CUST1452,Rohit Joshi,North,Jaipur,2025-04-22,Wholesale
CUST1453,Amit Kumar,Central,Bhopal,2023-07-03,Retail
CUST1454,Pooja Patel,West,Pune,2025-05-10,Retail
CUST1455,Deepak Pandey,West,Nagpur,2023-11-25,Retail
CUST1456,Arun Thakur,North,Dehradun,2025-05-06,Wholesale
CUST1457,Neha Thakur,East,Kolkata,2023-05-25,Wholesale
CUST1458,Neha Pandey,East,Ranchi,2024-09-13,Wholesale
CUST1459,Amit Deshmukh,North,Jaipur,2024-10-17,Retail
CUST1460,Sneha Deshmukh,North,Amritsar,2023-08-12,Distributor
CUST1461,Lata Rao,South,Coimbatore,2024-03-25,Wholesale
CUST1462,Amit Patel,South,Vijayawada,2023-12-23,Retail
CUST1463,Suresh Kapoor,Northeast,Itanagar,2023-05-03,Retail
CUST1464,Neha Iyer,Northeast,Aizawl,2024-04-17,Retail
CUST1465,Arun Chatterjee,West,Surat,2023-11-19,Wholesale
CUST1466,Divya Menon,East,Kolkata,2025-04-14,Wholesale
CUST1467,Sanjay Bansal,South,Coimbatore,2024-06-01,Distributor
CUST1468,Anil Pandey,South,Bangalore,2025-03-17,Distributor
CUST1469,Anita Reddy,West,Pune,2024-02-07,Retail
CUST1470,Pooja Tiwari,East,Kolkata,2023-09-01,Retail
CUST1471,Vikas Chauhan,North,Noida,2025-05-18,Retail
CUST1472,Kiran Agarwal,West,Mumbai,2023-06-24,Wholesale
CUST1473,Lata Sharma,North,Jaipur,2024-07-03,Wholesale
CUST1474,Anil Pandey,West,Pune,2024-02-14,Retail
CUST1475,Jyoti Khatri,North,Jaipur,2024-04-23,Retail
CUST1476,Jyoti Deshmukh,Central,Raipur,2024-12-08,Retail
CUST1477,Ravi Gupta,Central,Ujjain,2023-05-04,Retail
CUST1478,Rohit Saxena,Northeast,Agartala,2025-03-20,Wholesale
CUST1479,Vikas Bhattacharya,West,Ahmedabad,2023-01-23,Wholesale
CUST1480,Sneha Reddy,South,Cochin,2024-02-15,Wholesale
CUST1481,Ramesh Kumar,West,Surat,2024-05-26,Retail
CUST1482,Lata Khatri,Central,Indore,2024-12-28,Wholesale
CUST1483,Divya Bhattacharya,North,Gurgaon,2024-06-02,Wholesale
CUST1484,Manoj Saxena,Northeast,Imphal,2025-02-27,Wholesale
CUST1485,Priya Rao,West,Pune,2023-10-28,Retail
CUST1486,Sunita Chatterjee,North,Amritsar,2024-03-15,Retail
CUST1487,Asha Yadav,Central,Gwalior,2024-10-11,Retail
CUST1488,Anita Deshmukh,South,Coimbatore,2024-11-12,Retail
CUST1489,Anita Yadav,North,Lucknow,2023-10-14,Wholesale
CUST1490,Ravi Tiwari,Central,Raipur,2023-04-08,Distributor
CUST1491,Amit Gupta,East,Patna,2024-05-07,Wholesale
CUST1492,Priya Kumar,Central,Nagpur,2024-07-09,Retail
CUST1493,Sanjay Reddy,Northeast,Itanagar,2024-06-19,Retail
CUST1494,Meena Agarwal,West,Nashik,2023-11-04,Wholesale
CUST1495,Sneha Kapoor,East,Durgapur,2024-08-07,Wholesale
CUST1496,Ravi Naidu,South,Chennai,2025-05-14,Distributor
CUST1497,Divya Mishra,South,Coimbatore,2025-05-29,Wholesale
CUST1498,Asha Tiwari,South,Vijayawada,2023-12-31,Retail
CUST1499,Rekha Saxena,East,Siliguri,2024-12-27,Retail
CUST1500,Lata Nair,Northeast,Aizawl,2023-05-08,Retail
CUST1501,Sneha Rao,South,Bangalore,2023-10-12,Retail
CUST1502,Rekha Ghosh,Central,Raipur,2024-12-16,Wholesale
CUST1503,Rajesh Chauhan,North,Chandigarh,2024-10-19,Wholesale
CUST1504,Suresh Kumar,South,Madurai,2024-01-08,Retail
CUST1505,Sneha Das,South,Coimbatore,2023-01-16,Retail
CUST1506,Meena Naidu,Central,Bilaspur,2023-03-31,Wholesale
CUST1507,Kavita Bose,North,Jaipur,2023-04-12,Retail
CUST1508,Suresh Ghosh,West,Ahmedabad,2023-04-25,Retail
CUST1509,Divya Menon,North,Noida,2023-02-06,Retail
CUST1510,Rohit Chatterjee,Central,Ujjain,2023-11-23,Retail
CUST1511,Ravi Saxena,South,Bangalore,2024-08-29,Retail
CUST1512,Shreya Deshmukh,North,Dehradun,2024-07-31,Distributor
CUST1513,Pooja Bansal,Central,Nagpur,2023-05-02,Distributor
CUST1514,Sunita Verma,North,Lucknow,2025-03-02,Retail
CUST1515,Asha Sharma,Central,Gwalior,2025-01-03,Retail
CUST1516,Priya Deshmukh,Central,Jabalpur,2023-08-26,Retail
CUST1517,Kiran Thakur,West,Nagpur,2024-05-08,Retail
CUST1518,Neha Ghosh,Central,Jabalpur,2023-10-31,Retail
CUST1519,Manoj Bansal,East,Durgapur,2024-09-05,Wholesale
CUST1520,Asha Chauhan,South,Mysore,2023-10-29,Wholesale
CUST1521,Kavita Thakur,West,Mumbai,2024-05-11,Retail
CUST1522,Priya Chatterjee,East,Durgapur,2023-01-25,Retail
CUST1523,Rekha Singh,North,Dehradun,2024-04-19,Retail
CUST1524,Nisha Yadav,East,Bhubaneswar,2023-02-12,Retail
CUST1525,Lata Thakur,Central,Ujjain,2025-03-07,Wholesale
CUST1526,Shreya Yadav,Central,Gwalior,2023-03-21,Retail
CUST1527,Pooja Nair,East,Cuttack,2024-12-17,Retail
CUST1528,Priya Menon,Northeast,Agartala,2024-01-11,Distributor
CUST1529,Deepak Menon,North,Delhi,2025-01-20,Retail
CUST1530,Ramesh Deshmukh,Northeast,Kohima,2024-01-12,Distributor
CUST1531,Anil Khatri,South,Coimbatore,2024-04-11,Wholesale
CUST1532,Rohit Yadav,North,Jaipur,2023-07-04,Retail
CUST1533,Rajesh Rao,West,Pune,2023-02-21,Retail
CUST1534,Ramesh Das,East,Patna,2025-01-20,Retail
CUST1535,Manoj Pandey,East,Siliguri,2024-08-31,Distributor
CUST1536,Amit Rao,Central,Raipur,2025-05-10,Distributor
CUST1537,Neha Joshi,West,Nagpur,2023-02-09,Wholesale
CUST1538,Shreya Iyer,North,Chandigarh,2023-08-29,Retail
CUST1539,Rajesh Verma,South,Mysore,2024-06-04,Retail
CUST1540,Shreya Tiwari,North,Gurgaon,2023-08-20,Wholesale
CUST1541,Priya Patel,West,Goa,2025-01-05,Retail
CUST1542,Anil Joshi,North,Dehradun,2025-04-04,Retail
CUST1543,Kavita Gupta,Northeast,Imphal,2023-05-16,Distributor
CUST1544,Arun Verma,North,Noida,2025-04-06,Retail
CUST1545,Priya Singh,West,Pune,2024-11-22,Retail
CUST1546,Amit Verma,East,Ranchi,2023-02-11,Retail
CUST1547,Sneha Bhattacharya,Northeast,Shillong,2023-01-01,Retail
CUST1548,Sneha Agarwal,West,Ahmedabad,2024-01-26,Retail
CUST1549,Deepak Verma,Northeast,Shillong,2023-05-18,Retail
CUST1550,Arun Tiwari,Central,Indore,2023-02-17,Retail
CUST1551,Kiran Das,North,Noida,2023-12-27,Retail
CUST1552,Rohit Deshmukh,North,Dehradun,2024-04-02,Wholesale
CUST1553,Manoj Yadav,Northeast,Agartala,2023-02-05,Distributor
CUST1554,Asha Patel,South,Coimbatore,2024-12-24,Retail
CUST1555,Shreya Yadav,West,Vadodara,2024-04-21,Wholesale
CUST1556,Rahul Yadav,Central,Bhopal,2023-08-18,Retail
CUST1557,Arun Nair,South,Mysore,2023-08-31,Retail
CUST1558,Sanjay Bansal,East,Bhubaneswar,2023-11-14,Retail
CUST1559,Ramesh Pandey,North,Lucknow,2024-01-05,Retail
CUST1560,Ramesh Chauhan,North,Chandigarh,2024-08-17,Retail
CUST1561,Anil Das,East,Patna,2024-04-24,Wholesale
CUST1562,Amit Kapoor,North,Jaipur,2023-08-29,Distributor
CUST1563,Manoj Gupta,Northeast,Shillong,2024-10-17,Retail
CUST1564,Meena Joshi,West,Pune,2024-02-21,Retail
CUST1565,Sunita Singh,West,Surat,2023-12-22,Retail
CUST1566,Sanjay Sharma,Northeast,Aizawl,2023-12-19,Wholesale
CUST1567,Ravi Thakur,South,Chennai,2025-01-19,Distributor
CUST1568,Lata Kumar,West,Mumbai,2023-09-10,Retail
CUST1569,Rohit Saxena,Central,Nagpur,2023-07-23,Retail
CUST1570,Pooja Patel,West,Nashik,2023-01-02,Wholesale
CUST1571,Jyoti Agarwal,South,Bangalore,2025-02-19,Distributor
CUST1572,Ramesh Gupta,Central,Nagpur,2023-09-20,Retail
CUST1573,Anil Thakur,West,Nashik,2024-06-23,Distributor
CUST1574,Arun Sharma,South,Vijayawada,2023-01-15,Retail
CUST1575,Priya Kumar,South,Vijayawada,2024-01-15,Retail
CUST1576,Asha Bansal,West,Ahmedabad,2024-07-03,Retail
CUST1577,Manoj Das,West,Vadodara,2023-02-16,Retail
CUST1578,Ramesh Rao,North,Gurgaon,2023-01-27,Wholesale
CUST1579,Rahul Reddy,Northeast,Gangtok,2024-07-27,Retail
CUST1580,Kavita Singh,East,Ranchi,2024-08-25,Retail
CUST1581,Sanjay Yadav,West,Nashik,2025-03-02,Wholesale
CUST1582,Deepak Menon,West,Mumbai,2024-10-05,Retail
CUST1583,Ramesh Chatterjee,South,Bangalore,2024-09-09,Retail
CUST1584,Nisha Mishra,East,Durgapur,2023-06-06,Wholesale
CUST1585,Rohit Kumar,Northeast,Gangtok,2023-10-14,Retail
CUST1586,Jyoti Gupta,West,Vadodara,2023-08-23,Wholesale
CUST1587,Rahul Kapoor,West,Surat,2023-11-07,Wholesale
CUST1588,Vijay Menon,Central,Bilaspur,2023-12-10,Retail
CUST1589,Divya Verma,South,Hyderabad,2023-05-16,Retail
CUST1590,Arun Saxena,West,Vadodara,2023-08-14,Wholesale
CUST1591,Sanjay Menon,Central,Bilaspur,2024-03-17,Retail
CUST1592,Anita Iyer,North,Chandigarh,2023-07-31,Retail
CUST1593,Ramesh Verma,South,Bangalore,2024-11-23,Wholesale
CUST1594,Rekha Kumar,East,Siliguri,2024-10-10,Wholesale
CUST1595,Vikas Bose,West,Mumbai,2023-09-28,Retail
CUST1596,Kavita Ghosh,South,Coimbatore,2024-06-16,Distributor
CUST1597,Shreya Nair,Northeast,Gangtok,2024-11-20,Wholesale
CUST1598,Suresh Verma,South,Coimbatore,2024-08-15,Retail
CUST1599,Jyoti Yadav,West,Surat,2024-02-10,Retail
CUST1600,Anil Reddy,North,Dehradun,2025-05-04,Retail
